VendorID,tpep_pickup_datetime,tpep_dropoff_datetime,passenger_count,trip_distance,rate_code_name,pickup_latitude,pickup_longitude,dropoff_latitude,dropoff_longitude,payment_type_name,fare_amount,extra,mta_tax,tip_amount,tolls_amount,improvement_surcharge,total_amount
2,2016-03-10T08:21:52,2016-03-10T08:22:22,1,0,Standard rate,40.76490021,-73.93743896,40.76490402,-73.93717957,Credit card,0,0,0,0,0,0,0
2,2016-03-10T10:51:05,2016-03-10T10:51:13,1,0,Standard rate,40.76463699,-73.93688202,0,0,Credit card,0,0,0,0,0,0,0
2,2016-03-10T07:37:32,2016-03-10T07:37:40,6,0,Standard rate,0,0,40.76398849,-73.90207672,Cash,0,0,0,0,0,0,0
2,2016-03-10T07:53:17,2016-03-10T07:54:59,1,0,Standard rate,40.7640419,-73.9019928,40.76389313,-73.90200806,Cash,0,0,0,0,0,0,0
2,2016-03-10T07:43:54,2016-03-10T07:45:52,1,0,Standard rate,40.76396942,-73.90189362,40.76396942,-73.90189362,Cash,0,0,0,0,0,0,0
2,2016-03-01T01:07:43,2016-03-01T01:08:43,1,0,Standard rate,0,0,40.76457977,-73.93695831,Credit card,0,0,0,0,0,0,0
2,2016-03-10T08:38:27,2016-03-10T08:40:37,1,0,Standard rate,40.76440811,-73.93713379,40.76464081,-73.93695068,Cash,0,0,0,0,0,0,0
2,2016-03-10T07:08:26,2016-03-10T07:08:29,5,0,Standard rate,40.76406479,-73.90210724,40.76412201,-73.90209198,Cash,0,0,0,0,0,0,0
2,2016-03-10T07:14:39,2016-03-10T07:16:42,1,0,Standard rate,40.76393127,-73.90196228,40.7639389,-73.90196991,Cash,0,0,0,0,0,0,0
2,2016-03-10T07:22:27,2016-03-10T07:23:51,1,0,Standard rate,40.76393127,-73.90193176,40.76392365,-73.90194702,Cash,0,0,0,0,0,0,0
2,2016-03-10T09:24:14,2016-03-10T09:26:18,1,0,Standard rate,0,0,0,0,Credit card,0,0,0,0,0,0,0
2,2016-03-10T07:38:58,2016-03-10T07:42:03,1,0,Standard rate,40.76398087,-73.90187073,40.76396179,-73.90190887,Cash,0,0,0,0,0,0,0
2,2016-03-01T06:14:25,2016-03-01T06:14:25,1,0,Standard rate,40.76460648,-73.93670654,40.76460266,-73.93669128,Credit card,0,0,0,0,0,0,0
2,2016-03-10T12:41:27,2016-03-10T12:43:03,1,0,Standard rate,40.76467133,-73.93682098,40.76467133,-73.93679047,Cash,0,0,0,0,0,0,0
2,2016-03-10T13:07:29,2016-03-10T13:10:11,1,0,Standard rate,40.76375961,-73.90209198,40.7637291,-73.90209961,Cash,0,0,0,0,0,0,0
2,2016-03-10T08:21:27,2016-03-10T08:22:46,1,0,Standard rate,40.76393127,-73.90195465,40.76391602,-73.90197754,Cash,0,0,0,0,0,0,0
2,2016-03-10T09:08:48,2016-03-10T10:19:27,1,14.99,Standard rate,40.79399109,-73.97206116,40.66368866,-73.95555115,Cash,0,0,0.5,0,0,0.3,0
2,2016-03-01T06:13:03,2016-03-01T06:13:05,1,0,Standard rate,0,0,40.7648201,-73.93695068,Credit card,0,0,0,0,0,0,0
2,2016-03-10T07:49:01,2016-03-10T07:50:18,1,0,Standard rate,40.76401901,-73.90203857,40.76383972,-73.90209198,Cash,0,0,0,0,0,0,0
2,2016-03-01T06:11:58,2016-03-01T06:11:58,1,0,Standard rate,0,0,40.76477814,-73.93695068,Credit card,0,0,0,0,0,0,0
2,2016-03-10T14:03:59,2016-03-10T14:04:02,1,0,JFK,0,0,0,0,Cash,0,0,0.5,0,0,0.3,0
2,2016-03-10T09:16:50,2016-03-10T09:19:52,1,0,Standard rate,40.76455688,-73.93694305,40.76424789,-73.93701935,Credit card,0,0,0,0,0,0,0
2,2016-03-10T08:01:22,2016-03-10T08:02:51,5,0,Standard rate,40.76414871,-73.9019928,40.76414871,-73.90200806,Cash,0,0,0,0,0,0,0
2,2016-03-10T07:31:14,2016-03-10T07:34:20,1,0,Standard rate,40.76395035,-73.90189362,40.76391983,-73.90207672,Cash,0,0,0,0,0,0,0
2,2016-03-10T12:16:09,2016-03-10T12:33:33,1,3.71,Standard rate,40.69416809,-73.98332214,40.71932602,-73.94155121,Cash,0,0,0.5,0,0,0.3,0
2,2016-03-10T12:49:27,2016-03-10T12:49:41,1,0,Standard rate,40.76468277,-73.93669891,0,0,Credit card,0,0,0,0,0,0,0
1,2016-03-01T03:51:26,2016-03-01T03:53:54,1,0.2,Negotiated fare,40.76173401,-73.99383545,40.76509476,-73.99185181,Cash,0,0,0,0,0,0.3,0.3
1,2016-03-01T03:49:27,2016-03-01T03:51:00,1,0.3,Negotiated fare,40.75647354,-73.9977417,40.7598381,-73.99549866,Cash,0,0,0,0,0,0.3,0.3
1,2016-03-01T00:38:50,2016-03-01T01:24:05,1,28.5,Negotiated fare,40.70551682,-74.00682068,41.00208664,-74.11045074,Cash,0,0,0,0,10.5,0.3,10.8
1,2016-03-01T05:19:39,2016-03-01T05:35:40,1,9.8,Negotiated fare,40.7644043,-73.99571991,40.84043884,-73.97437286,No charge,0,0,0,0,10.5,0.3,10.8
1,2016-03-01T06:11:32,2016-03-01T06:57:49,1,24.7,Negotiated fare,40.64638519,-73.78398132,40.87140274,-74.00474548,No charge,0,0,0,0,18.04,0.3,18.34
2,2016-03-10T14:07:40,2016-03-10T14:13:09,2,0,Standard rate,37.38941574,-121.9331512,37.38948822,-121.9333267,Cash,2,0,0.5,0,0,0.3,2.8
1,2016-03-01T02:14:10,2016-03-01T02:15:24,6,2.6,Nassau or Westchester,40.70664597,-73.9286499,40.70663834,-73.92863464,Credit card,2,0.5,0.5,5,0,0.3,8.3
2,2016-03-10T12:56:51,2016-03-10T12:56:55,1,0,Standard rate,0,0,0,0,Cash,2.5,0,0.5,0,0,0.3,3
2,2016-03-10T12:51:46,2016-03-10T12:51:51,1,0,Standard rate,0,0,0,0,Credit card,2.5,0,0.5,2.7,0,0.3,6
2,2016-03-10T08:56:02,2016-03-10T08:56:39,1,0.08,Standard rate,40.74638367,-73.97925568,40.74544907,-73.98011017,Credit card,2.5,0,0.5,6.7,0,0.3,10
2,2016-03-10T09:34:05,2016-03-10T09:34:51,2,0.02,Standard rate,40.77234268,-73.94646454,40.77236938,-73.9466629,Credit card,2.5,0,0.5,0.99,0,0.3,4.29
2,2016-03-10T13:21:24,2016-03-10T13:22:03,1,0,Standard rate,40.68780899,-73.98094177,40.68775177,-73.98091125,Credit card,2.5,0,0.5,0.99,0,0.3,4.29
2,2016-03-10T11:50:57,2016-03-10T11:51:00,1,0,Standard rate,0,0,0,0,Credit card,2.5,0,0.5,0.99,0,0.3,4.29
2,2016-03-10T10:49:55,2016-03-10T10:50:39,1,0,Standard rate,0,0,0,0,Credit card,2.5,0,0.5,0.99,0,0.3,4.29
2,2016-03-10T13:37:46,2016-03-10T13:37:49,1,0,Standard rate,40.78213501,-73.95938873,40.78209686,-73.95941162,Credit card,2.5,0,0.5,0.99,0,0.3,4.29
2,2016-03-10T09:53:52,2016-03-10T09:54:23,1,0.02,Standard rate,40.76074982,-73.98349762,40.76055145,-73.98300934,Credit card,2.5,0,0.5,0.99,0,0.3,4.29
2,2016-03-01T06:17:00,2016-03-01T06:17:02,1,0,Standard rate,40.76460648,-73.93683624,40.76464462,-73.93680573,Credit card,2.5,0,0.5,0.99,0,0.3,4.29
1,2016-03-01T04:17:20,2016-03-01T04:17:20,1,0,Standard rate,40.75034714,-73.8901062,0,0,Cash,2.5,1,0.5,0,0,0.3,4.3
2,2016-03-10T10:32:01,2016-03-10T10:33:33,1,0.05,Standard rate,40.71953964,-74.00523376,40.72008896,-74.00518036,Credit card,2.5,0,0.5,1,0,0.3,4.3
2,2016-03-10T12:35:02,2016-03-10T12:35:09,2,0,Standard rate,40.74620056,-73.97213745,40.74634933,-73.9723587,Credit card,2.5,0,0.5,2,0,0.3,5.3
2,2016-03-10T12:45:51,2016-03-10T12:46:03,1,0.01,Standard rate,40.76147079,-73.9695816,40.76139069,-73.96952057,Credit card,2.5,0,0.5,3,0,0.3,6.3
2,2016-03-10T09:11:35,2016-03-10T09:11:48,1,0,Standard rate,0,0,40.76427841,-73.98255157,Credit card,2.5,0,0.5,3,0,0.3,6.3
2,2016-03-10T12:41:50,2016-03-10T12:43:00,1,0,Standard rate,0,0,40.78852081,-73.97678375,Credit card,2.5,0,0.5,3,0,0.3,6.3
1,2016-03-01T05:38:11,2016-03-01T05:38:29,1,14,Standard rate,40.75637436,-73.94004822,40.75637436,-73.94004822,Cash,2.5,0.5,0.5,0,2.5,0.3,6.3
2,2016-03-01T00:16:13,2016-03-01T00:16:17,4,0,Standard rate,0,0,0,0,Credit card,2.5,0.5,0.5,3,0,0.3,6.8
2,2016-03-10T11:55:50,2016-03-10T11:55:55,2,0,Standard rate,0,0,0,0,Credit card,2.5,0,0.5,3.5,0,0.3,6.8
2,2016-03-01T01:22:45,2016-03-01T01:22:55,1,0.01,Standard rate,40.68791962,-73.91773987,40.68817139,-73.9175415,Credit card,2.5,0.5,0.5,3,0,0.3,6.8
2,2016-03-10T08:13:41,2016-03-10T08:13:51,5,0,Standard rate,40.75735855,-73.97396851,40.75735855,-73.97396851,Credit card,2.5,0,0.5,3.75,0,0.3,7.05
2,2016-03-01T00:59:20,2016-03-01T00:59:45,6,0.09,Standard rate,40.74077225,-73.99371338,40.74049759,-73.99284363,Credit card,2.5,0.5,0.5,0.76,0,0.3,4.56
2,2016-03-10T13:56:24,2016-03-10T13:56:40,5,0,Standard rate,0,0,0,0,Cash,2.5,0,0.5,0,0,0.3,3.3
2,2016-03-10T10:06:02,2016-03-10T10:06:12,1,0.01,Standard rate,0,0,0,0,Cash,2.5,0,0.5,0,0,0.3,3.3
2,2016-03-10T07:15:34,2016-03-10T07:15:36,5,0,Standard rate,0,0,40.76403046,-73.90209961,Cash,2.5,0,0.5,0,0,0.3,3.3
2,2016-03-10T09:06:02,2016-03-10T09:06:13,1,0.03,Standard rate,40.75931931,-73.99503326,40.75907135,-73.99445343,Cash,2.5,0,0.5,0,0,0.3,3.3
2,2016-03-10T10:44:25,2016-03-10T10:45:00,3,0.07,Standard rate,40.76586151,-73.98365784,40.76741028,-73.98214722,Cash,2.5,0,0.5,0,0,0.3,3.3
2,2016-03-10T10:58:02,2016-03-10T10:58:15,2,0,Standard rate,40.75521851,-73.97757721,40.75521851,-73.97757721,Cash,2.5,0,0.5,0,0,0.3,3.3
2,2016-03-10T11:10:38,2016-03-10T11:10:57,1,0.04,Standard rate,40.75972366,-73.98473358,40.75971222,-73.98468781,Cash,2.5,0,0.5,0,0,0.3,3.3
2,2016-03-10T10:38:21,2016-03-10T10:38:48,1,0.01,Standard rate,40.78246689,-73.9576416,40.78258133,-73.95748138,Cash,2.5,0,0.5,0,0,0.3,3.3
2,2016-03-10T10:21:38,2016-03-10T10:22:14,1,0.05,Standard rate,40.64676666,-73.79003906,40.64665604,-73.79044342,Cash,2.5,0,0.5,0,0,0.3,3.3
2,2016-03-10T08:33:04,2016-03-10T08:33:44,1,0.11,Standard rate,40.77843475,-73.98171997,40.77788544,-73.97988892,Cash,2.5,0,0.5,0,0,0.3,3.3
2,2016-03-10T14:22:45,2016-03-10T14:22:47,1,0,Standard rate,0,0,0,0,Cash,2.5,0,0.5,0,0,0.3,3.3
2,2016-03-10T10:31:53,2016-03-10T10:32:25,1,0.04,Standard rate,40.7588768,-73.98858643,40.75914764,-73.98832703,Cash,2.5,0,0.5,0,0,0.3,3.3
2,2016-03-10T13:37:04,2016-03-10T13:37:19,1,0.05,Standard rate,40.74256134,-73.98474884,40.74419022,-73.98365021,Cash,2.5,0,0.5,0,0,0.3,3.3
2,2016-03-10T12:59:20,2016-03-10T12:59:39,2,0.17,Standard rate,40.77563858,-73.94432068,40.77442169,-73.94520569,Cash,2.5,0,0.5,0,0,0.3,3.3
1,2016-03-01T06:07:50,2016-03-01T06:07:50,1,0,Standard rate,40.76717758,-73.9863205,0,0,Cash,2.5,0,0.5,0,0,0.3,3.3
2,2016-03-10T08:31:07,2016-03-10T08:31:16,1,0,Standard rate,40.75201797,-73.97748566,0,0,Cash,2.5,0,0.5,0,0,0.3,3.3
2,2016-03-10T08:26:07,2016-03-10T08:26:47,1,0.17,Standard rate,40.78004837,-73.98053741,40.77954102,-73.97734833,Cash,2.5,0,0.5,0,0,0.3,3.3
2,2016-03-10T13:55:04,2016-03-10T13:55:22,1,0,Standard rate,40.74945068,-73.98374176,40.74945068,-73.98374176,Cash,2.5,0,0.5,0,0,0.3,3.3
2,2016-03-10T08:10:17,2016-03-10T08:10:24,1,0,Standard rate,0,0,40.76103973,-73.9675293,Cash,2.5,0,0.5,0,0,0.3,3.3
2,2016-03-10T07:56:44,2016-03-10T07:57:18,1,0.01,Standard rate,40.76858521,-73.95550537,40.76870346,-73.95542908,Cash,2.5,0,0.5,0,0,0.3,3.3
2,2016-03-10T11:12:25,2016-03-10T11:13:31,6,0.02,Standard rate,40.795681,-73.93263245,40.79590988,-73.93258667,Cash,2.5,0,0.5,0,0,0.3,3.3
2,2016-03-10T07:09:34,2016-03-10T07:09:57,1,0.02,Standard rate,40.77477264,-73.95095062,40.77482605,-73.9489212,Cash,2.5,0,0.5,0,0,0.3,3.3
2,2016-03-10T10:20:54,2016-03-10T10:21:29,1,0,Standard rate,40.77455521,-73.98844147,40.77450562,-73.98848724,Cash,2.5,0,0.5,0,0,0.3,3.3
1,2016-03-01T00:45:24,2016-03-01T00:46:21,1,0.1,Group ride,40.76522064,-73.97934723,40.76599121,-73.98190308,No charge,2.5,0,0.5,0,0,0.3,3.3
2,2016-03-10T10:31:19,2016-03-10T10:31:22,2,0,Standard rate,0,0,0,0,Cash,2.5,0,0.5,0,0,0.3,3.3
2,2016-03-10T12:43:08,2016-03-10T12:43:12,1,0.01,Standard rate,0,0,0,0,Cash,2.5,0,0.5,0,0,0.3,3.3
2,2016-03-10T07:48:16,2016-03-10T07:48:53,1,0,Standard rate,40.64474106,-73.78188324,40.64474106,-73.78188324,Cash,2.5,0,0.5,0,0,0.3,3.3
2,2016-03-10T08:31:57,2016-03-10T08:32:23,1,0.17,Standard rate,40.76557922,-73.96999359,40.76766968,-73.96839905,Credit card,2.5,0,0.5,0,0,0.3,3.3
2,2016-03-10T12:54:44,2016-03-10T12:55:03,1,0.06,Standard rate,40.78621674,-73.95076752,40.78538513,-73.9513092,Cash,2.5,0,0.5,0,0,0.3,3.3
2,2016-03-10T08:57:08,2016-03-10T08:57:08,1,0.01,Standard rate,40.7597084,-73.92832947,40.7730217,-73.86907196,Cash,2.5,0,0.5,0,0,0.3,3.3
1,2016-03-01T00:33:09,2016-03-01T00:33:45,1,9.3,Standard rate,40.73705673,-73.86302185,40.73705673,-73.86301422,No charge,2.5,0,0.5,0,0,0.3,3.3
1,2016-03-01T06:08:36,2016-03-01T06:08:48,1,0,Standard rate,40.71135712,-73.95597076,40.71088791,-73.95627594,No charge,2.5,0,0.5,0,0,0.3,3.3
2,2016-03-10T13:25:28,2016-03-10T13:25:43,1,0.09,Standard rate,0,0,0,0,Cash,2.5,0,0.5,0,0,0.3,3.3
2,2016-03-10T09:40:27,2016-03-10T09:41:17,5,0.04,Standard rate,40.76491165,-73.97802734,40.76528931,-73.97888184,Cash,2.5,0,0.5,0,0,0.3,3.3
2,2016-03-10T11:18:01,2016-03-10T11:18:33,1,0.07,Standard rate,40.72484589,-74.00391388,40.72511292,-74.0036087,Cash,2.5,0,0.5,0,0,0.3,3.3
2,2016-03-10T10:35:07,2016-03-10T10:35:52,1,0.03,Standard rate,40.75392914,-73.97660065,40.75514984,-73.97891998,Cash,2.5,0,0.5,0,0,0.3,3.3
2,2016-03-10T09:43:57,2016-03-10T09:47:07,1,0,Standard rate,40.78293991,-73.95696259,40.78300858,-73.95691681,Cash,2.5,0,0.5,0,0,0.3,3.3
2,2016-03-10T11:08:02,2016-03-10T11:08:07,6,0.04,Standard rate,0,0,0,0,Cash,2.5,0,0.5,0,0,0.3,3.3
2,2016-03-10T08:06:31,2016-03-10T08:07:17,1,0,Standard rate,40.70944977,-74.00727844,40.70565033,-74.00832367,Cash,2.5,0,0.5,0,0,0.3,3.3
2,2016-03-10T13:53:09,2016-03-10T13:53:31,1,0.03,Standard rate,40.77459335,-73.98213196,40.77408218,-73.98220062,Cash,2.5,0,0.5,0,0,0.3,3.3
2,2016-03-10T12:13:26,2016-03-10T12:14:14,5,0.02,Standard rate,40.75522995,-73.97718811,40.75537872,-73.9783783,Cash,2.5,0,0.5,0,0,0.3,3.3
2,2016-03-10T10:57:56,2016-03-10T10:58:08,2,0,Standard rate,40.74534988,-73.98703003,0,0,Cash,2.5,0,0.5,0,0,0.3,3.3
2,2016-03-10T08:15:29,2016-03-10T08:15:33,1,0,Standard rate,0,0,40.74013901,-73.98665619,Cash,2.5,0,0.5,0,0,0.3,3.3
2,2016-03-10T13:52:20,2016-03-10T13:52:36,5,0.02,Standard rate,40.72633362,-73.99506378,40.72623062,-73.99503326,Cash,2.5,0,0.5,0,0,0.3,3.3
2,2016-03-10T11:26:43,2016-03-10T11:26:57,2,0.01,Standard rate,40.64466858,-73.7820282,40.64468384,-73.78201294,Cash,2.5,0,0.5,0,0,0.3,3.3
2,2016-03-10T09:37:55,2016-03-10T09:38:06,1,0,Standard rate,40.75246048,-73.93894958,0,0,Cash,2.5,0,0.5,0,0,0.3,3.3
2,2016-03-10T11:50:40,2016-03-10T11:50:40,1,0,Standard rate,0,0,40.76838684,-73.86254883,Cash,2.5,0,0.5,0,0,0.3,3.3
2,2016-03-10T12:07:40,2016-03-10T12:08:10,1,0.14,Standard rate,40.72136688,-74.00042725,40.72035217,-74.00163269,Cash,2.5,0,0.5,0,0,0.3,3.3
2,2016-03-10T09:26:16,2016-03-10T09:26:30,1,0,Standard rate,40.76212692,-73.97857666,0,0,Cash,2.5,0,0.5,0,0,0.3,3.3
2,2016-03-10T11:48:43,2016-03-10T11:49:06,1,0.03,Standard rate,40.71773148,-74.01396179,40.71744919,-74.01332092,Cash,2.5,0,0.5,0,0,0.3,3.3
2,2016-03-10T08:02:45,2016-03-10T08:03:09,1,0.07,Standard rate,40.78249741,-73.97286987,40.78116226,-73.97158813,Cash,2.5,0,0.5,0,0,0.3,3.3
2,2016-03-10T10:31:25,2016-03-10T10:32:10,1,0,Standard rate,40.76989746,-73.86338043,40.76989746,-73.86338043,Cash,2.5,0,0.5,0,0,0.3,3.3
2,2016-03-10T12:19:19,2016-03-10T12:19:51,1,0.05,Standard rate,40.7813797,-73.97973633,40.78219986,-73.98043823,Cash,2.5,0,0.5,0,0,0.3,3.3
2,2016-03-10T08:58:00,2016-03-10T08:58:35,5,0.02,Standard rate,40.77096939,-73.9566803,40.76979828,-73.95754242,Cash,2.5,0,0.5,0,0,0.3,3.3
2,2016-03-10T12:45:02,2016-03-10T12:45:49,1,0.03,Standard rate,40.72696686,-73.99562836,40.72696686,-73.99562836,Cash,2.5,0,0.5,0,0,0.3,3.3
2,2016-03-10T14:22:56,2016-03-10T14:23:18,1,0,Standard rate,40.75528717,-73.97782135,40.75522614,-73.97733307,Cash,2.5,0,0.5,0,0,0.3,3.3
2,2016-03-10T13:26:30,2016-03-10T13:27:21,5,0.07,Standard rate,40.75620651,-73.97929382,40.75576019,-73.97782898,Cash,2.5,0,0.5,0,0,0.3,3.3
2,2016-03-01T06:03:26,2016-03-01T06:03:31,1,0,Standard rate,40.77056885,-73.91755676,40.76990128,-73.9183197,Cash,2.5,0,0.5,0,0,0.3,3.3
2,2016-03-10T13:53:53,2016-03-10T13:54:06,5,0,Standard rate,40.71493149,-74.01609039,40.71546936,-74.01580048,Cash,2.5,0,0.5,0,0,0.3,3.3
2,2016-03-10T09:08:22,2016-03-10T09:08:39,5,0,Standard rate,40.7756958,-73.9606781,40.7756958,-73.9606781,Cash,2.5,0,0.5,0,0,0.3,3.3
2,2016-03-10T11:07:50,2016-03-10T11:08:21,1,0.04,Standard rate,40.76068115,-73.98127747,40.76028824,-73.98027039,Cash,2.5,0,0.5,0,0,0.3,3.3
2,2016-03-10T11:55:53,2016-03-10T11:56:12,1,0.11,Standard rate,40.78343964,-73.95480347,40.78532028,-73.95350647,Cash,2.5,0,0.5,0,0,0.3,3.3
2,2016-03-10T07:15:56,2016-03-10T07:16:33,1,0.18,Standard rate,40.76814651,-73.96794128,40.76974106,-73.96681976,Cash,2.5,0,0.5,0,0,0.3,3.3
2,2016-03-10T14:05:33,2016-03-10T14:05:48,2,0,Standard rate,0,0,0,0,Cash,2.5,0,0.5,0,0,0.3,3.3
2,2016-03-10T12:53:46,2016-03-10T12:54:46,1,0.06,Standard rate,40.76393127,-73.97399902,40.76317978,-73.97409058,Credit card,2.5,0,0.5,0,0,0.3,3.3
2,2016-03-10T07:58:47,2016-03-10T07:59:08,1,0.06,Standard rate,40.76981354,-73.86385345,40.77007675,-73.86463928,Cash,2.5,0,0.5,0,0,0.3,3.3
2,2016-03-10T13:30:10,2016-03-10T13:30:11,1,0,Standard rate,40.74932861,-73.98262787,40.74863815,-73.98113251,Cash,2.5,0,0.5,0,0,0.3,3.3
2,2016-03-10T10:50:00,2016-03-10T10:50:04,2,0,Standard rate,0,0,40.76031876,-73.97373962,Cash,2.5,0,0.5,0,0,0.3,3.3
2,2016-03-10T09:50:25,2016-03-10T09:50:34,1,0.07,Standard rate,40.64202118,-73.78869629,40.64477921,-73.78649139,Cash,2.5,0,0.5,0,0,0.3,3.3
2,2016-03-10T10:08:57,2016-03-10T10:09:10,5,0.12,Standard rate,40.75799179,-73.9733429,40.7555809,-73.97309113,Cash,2.5,0,0.5,0,0,0.3,3.3
2,2016-03-10T14:18:18,2016-03-10T14:18:52,2,0.01,Standard rate,40.73048019,-73.99214935,40.73049927,-73.99188232,Cash,2.5,0,0.5,0,0,0.3,3.3
2,2016-03-10T12:08:18,2016-03-10T12:08:24,5,0.1,Standard rate,40.74178314,-73.98027039,40.74029922,-73.97914886,Cash,2.5,0,0.5,0,0,0.3,3.3
2,2016-03-10T10:11:26,2016-03-10T10:11:37,1,0,Standard rate,40.83768845,-73.92144775,40.83768845,-73.92144775,Cash,2.5,0,0.5,0,0,0.3,3.3
2,2016-03-10T12:05:33,2016-03-10T12:07:17,4,0.15,Standard rate,40.73012924,-73.99385834,40.72861862,-73.99424744,Cash,2.5,0,0.5,0,0,0.3,3.3
2,2016-03-10T07:46:18,2016-03-10T07:46:22,6,0,Standard rate,0,0,0,0,Cash,2.5,0,0.5,0,0,0.3,3.3
2,2016-03-10T07:44:24,2016-03-10T07:45:25,1,0,Standard rate,0,0,40.76454926,-73.9367218,Cash,2.5,0,0.5,0,0,0.3,3.3
2,2016-03-10T13:46:51,2016-03-10T13:47:16,1,0,Standard rate,40.78860855,-73.94903564,40.78860855,-73.94903564,Cash,2.5,0,0.5,0,0,0.3,3.3
2,2016-03-10T14:12:47,2016-03-10T14:13:30,1,0.03,Standard rate,40.7052803,-74.01715851,40.70681,-74.01746368,Cash,2.5,0,0.5,0,0,0.3,3.3
2,2016-03-10T13:38:30,2016-03-10T13:38:41,6,0,Standard rate,40.75019836,-73.9443512,0,0,Cash,2.5,0,0.5,0,0,0.3,3.3
2,2016-03-10T13:36:36,2016-03-10T13:36:57,1,0.11,Standard rate,40.75843811,-73.96334839,40.75843811,-73.96334839,Cash,2.5,0,0.5,0,0,0.3,3.3
2,2016-03-10T13:41:09,2016-03-10T13:41:34,6,0,Standard rate,40.75024033,-73.94419861,40.75021362,-73.94425201,Cash,2.5,0,0.5,0,0,0.3,3.3
2,2016-03-10T10:53:10,2016-03-10T10:53:15,1,0,Standard rate,0,0,0,0,Cash,2.5,0,0.5,0,0,0.3,3.3
2,2016-03-10T12:32:44,2016-03-10T12:32:52,1,0.01,Standard rate,0,0,40.64339066,-73.78948212,Cash,2.5,0,0.5,0,0,0.3,3.3
2,2016-03-10T08:40:43,2016-03-10T08:41:08,1,0.02,Standard rate,40.73965073,-73.98458099,40.7389183,-73.98365021,Cash,2.5,0,0.5,0,0,0.3,3.3
2,2016-03-10T07:54:41,2016-03-10T07:55:37,2,0.04,Standard rate,40.76580811,-73.96340179,40.76673126,-73.96289063,Cash,2.5,0,0.5,0,0,0.3,3.3
2,2016-03-10T07:44:01,2016-03-10T07:44:06,2,0,Standard rate,0,0,40.78015137,-73.97688293,Cash,2.5,0,0.5,0,0,0.3,3.3
2,2016-03-10T13:09:27,2016-03-10T13:09:50,1,0.03,Standard rate,40.64483643,-73.78170013,40.64497375,-73.78131866,Cash,2.5,0,0.5,0,0,0.3,3.3
2,2016-03-10T13:54:02,2016-03-10T13:54:45,1,0.15,Standard rate,40.75431824,-73.98317719,40.75348282,-73.98094177,Cash,2.5,0,0.5,0,0,0.3,3.3
2,2016-03-10T11:17:09,2016-03-10T11:17:38,6,0.16,Standard rate,40.75077057,-73.97650909,40.74856949,-73.97830963,Cash,2.5,0,0.5,0,0,0.3,3.3
1,2016-03-01T06:04:13,2016-03-01T06:04:21,1,0,Standard rate,40.75081253,-73.95002747,40.75081635,-73.95001984,Dispute,2.5,0,0.5,0,0,0.3,3.3
2,2016-03-10T14:19:19,2016-03-10T14:19:37,1,0.02,Standard rate,40.73461151,-73.98014832,40.73863983,-73.97722626,Cash,2.5,0,0.5,0,0,0.3,3.3
2,2016-03-10T07:20:38,2016-03-10T07:21:03,1,0,Standard rate,40.75992966,-73.96497345,40.75992966,-73.96497345,Cash,2.5,0,0.5,0,0,0.3,3.3
2,2016-03-10T09:40:28,2016-03-10T09:41:07,1,0.11,Standard rate,40.72490311,-73.98736572,40.72818756,-73.98495483,Cash,2.5,0,0.5,0,0,0.3,3.3
2,2016-03-10T13:28:44,2016-03-10T13:29:02,1,0.03,Standard rate,40.72668839,-73.98599243,40.72690201,-73.9858017,Cash,2.5,0,0.5,0,0,0.3,3.3
2,2016-03-10T13:26:40,2016-03-10T13:27:15,3,0.13,Standard rate,40.73136139,-73.99411011,40.73025131,-73.99275208,Cash,2.5,0,0.5,0,0,0.3,3.3
2,2016-03-10T12:16:40,2016-03-10T12:17:27,5,0.03,Standard rate,40.75434875,-73.97459412,40.75415802,-73.97589874,Cash,2.5,0,0.5,0,0,0.3,3.3
2,2016-03-10T10:38:20,2016-03-10T10:38:35,1,0.01,Standard rate,40.70780563,-74.00678253,40.70780563,-74.00678253,Cash,2.5,0,0.5,0,0,0.3,3.3
2,2016-03-10T13:08:01,2016-03-10T13:08:09,2,0,Standard rate,40.75435638,-73.9803772,0,0,Cash,2.5,0,0.5,0,0,0.3,3.3
2,2016-03-10T10:46:47,2016-03-10T10:47:02,1,0,Standard rate,40.64469147,-73.78202057,40.64487839,-73.78137207,Cash,2.5,0,0.5,0,0,0.3,3.3
2,2016-03-01T06:00:07,2016-03-01T06:00:11,1,0,Standard rate,0,0,0,0,Cash,2.5,0,0.5,0,0,0.3,3.3
2,2016-03-10T12:17:42,2016-03-10T12:18:14,1,0.05,Standard rate,40.7789917,-73.98117828,40.77968979,-73.98065948,Cash,2.5,0,0.5,0,0,0.3,3.3
2,2016-03-10T12:55:55,2016-03-10T12:55:55,1,0,Standard rate,40.75764084,-73.97796631,40.76462555,-73.93698883,Cash,2.5,0,0.5,0,0,0.3,3.3
2,2016-03-10T12:54:07,2016-03-10T12:54:18,2,0,Standard rate,40.75662231,-73.98614502,0,0,Cash,2.5,0,0.5,0,0,0.3,3.3
2,2016-03-10T09:35:14,2016-03-10T09:35:23,1,0,Standard rate,40.75148773,-73.98977661,0,0,Cash,2.5,0,0.5,0,0,0.3,3.3
2,2016-03-10T07:59:02,2016-03-10T07:59:17,2,0.03,Standard rate,40.778759,-73.97799683,40.7779808,-73.97611237,Cash,2.5,0,0.5,0,0,0.3,3.3
2,2016-03-10T11:34:41,2016-03-10T11:34:48,3,0.01,Standard rate,40.7509613,-73.97664642,40.75037003,-73.97702026,Cash,2.5,0,0.5,0,0,0.3,3.3
2,2016-03-10T09:49:01,2016-03-10T09:49:34,5,0,Standard rate,40.75725937,-73.98990631,40.75833893,-73.98915863,Cash,2.5,0,0.5,0,0,0.3,3.3
1,2016-03-01T05:43:54,2016-03-01T05:44:30,2,0,Standard rate,40.75164413,-73.93405151,40.75165176,-73.93403625,Cash,2.5,0,0.5,0,0,0.3,3.3
2,2016-03-10T07:52:57,2016-03-10T07:53:12,1,0,Standard rate,40.71756363,-73.99820709,0,0,Cash,2.5,0,0.5,0,0,0.3,3.3
2,2016-03-10T07:08:57,2016-03-10T07:09:03,6,0.02,Standard rate,0,0,40.79412079,-73.9723587,Cash,2.5,0,0.5,0,0,0.3,3.3
2,2016-03-10T12:43:47,2016-03-10T12:43:55,1,0,Standard rate,40.76467133,-73.93679047,40.76465988,-73.93676758,Cash,2.5,0,0.5,0,0,0.3,3.3
2,2016-03-10T08:51:08,2016-03-10T08:51:28,1,0,Standard rate,40.7621727,-73.97225952,40.76236343,-73.97214508,Cash,2.5,0,0.5,0,0,0.3,3.3
2,2016-03-10T14:13:34,2016-03-10T14:14:24,1,0,Standard rate,40.64472961,-73.7818985,40.64498138,-73.78128052,Cash,2.5,0,0.5,0,0,0.3,3.3
2,2016-03-10T11:01:53,2016-03-10T11:02:20,1,0,Standard rate,40.76139069,-73.96958923,40.76156998,-73.97029114,Cash,2.5,0,0.5,0,0,0.3,3.3
2,2016-03-10T12:06:15,2016-03-10T12:07:05,6,0.08,Standard rate,40.64382553,-73.79016113,40.64284134,-73.78929901,Cash,2.5,0,0.5,0,0,0.3,3.3
2,2016-03-10T07:36:15,2016-03-10T07:36:59,1,0.17,Standard rate,40.69216919,-73.99343872,40.69427872,-73.99241638,Credit card,2.5,0,0.5,0,0,0.3,3.3
2,2016-03-10T07:34:07,2016-03-10T07:35:03,1,0.08,Standard rate,40.77028275,-73.95153046,40.77060318,-73.95251465,Cash,2.5,0,0.5,0,0,0.3,3.3
2,2016-03-10T12:02:23,2016-03-10T12:02:48,1,0.11,Standard rate,40.74388885,-73.98800659,40.74209976,-73.98915863,Cash,2.5,0,0.5,0,0,0.3,3.3
2,2016-03-10T12:32:42,2016-03-10T12:33:31,1,0.05,Standard rate,40.76514816,-73.97891998,40.76570129,-73.97994995,Cash,2.5,0,0.5,0,0,0.3,3.3
2,2016-03-10T12:02:18,2016-03-10T12:02:24,1,0.01,Standard rate,0,0,0,0,Cash,2.5,0,0.5,0,0,0.3,3.3
2,2016-03-10T13:23:49,2016-03-10T13:24:23,1,0,Standard rate,40.76484299,-73.93687439,40.76470566,-73.93695831,Credit card,2.5,0,0.5,0,0,0.3,3.3
2,2016-03-10T13:05:11,2016-03-10T13:05:16,6,0,Standard rate,40.7240181,-74.00385284,40.72402954,-74.00386047,Cash,2.5,0,0.5,0,0,0.3,3.3
2,2016-03-10T13:47:46,2016-03-10T13:48:36,1,0.04,Standard rate,40.76202011,-73.96016693,40.76348877,-73.95941925,Cash,2.5,0,0.5,0,0,0.3,3.3
2,2016-03-10T08:12:20,2016-03-10T08:12:22,6,0,Standard rate,0,0,0,0,Cash,2.5,0,0.5,0,0,0.3,3.3
2,2016-03-10T12:37:05,2016-03-10T12:38:14,2,0.07,Standard rate,40.7510376,-73.98181915,40.75093842,-73.98136139,Cash,2.5,0,0.5,0,0,0.3,3.3
2,2016-03-10T13:51:58,2016-03-10T13:52:06,1,0.04,Standard rate,40.73385239,-73.9808197,40.73482513,-73.98014832,Cash,2.5,0,0.5,0,0,0.3,3.3
2,2016-03-10T10:09:05,2016-03-10T10:09:13,1,0.03,Standard rate,40.76446533,-73.97227478,40.76485062,-73.9726944,Cash,2.5,0,0.5,0,0,0.3,3.3
2,2016-03-10T10:02:31,2016-03-10T10:03:05,1,0.13,Standard rate,40.64582443,-73.77679443,40.64680099,-73.77806854,Cash,2.5,0,0.5,0,0,0.3,3.3
2,2016-03-10T07:58:27,2016-03-10T07:58:42,1,0.02,Standard rate,40.76845169,-73.95534515,40.76903152,-73.95514679,Cash,2.5,0,0.5,0,0,0.3,3.3
2,2016-03-10T09:05:29,2016-03-10T09:06:07,1,0.14,Standard rate,40.71506119,-73.99250793,40.71833038,-73.99088287,Cash,2.5,0,0.5,0,0,0.3,3.3
2,2016-03-10T13:20:17,2016-03-10T13:20:19,1,0.01,Standard rate,0,0,40.76272583,-73.97628784,Cash,2.5,0,0.5,0,0,0.3,3.3
2,2016-03-10T11:28:37,2016-03-10T11:29:24,1,0.06,Standard rate,40.74105072,-73.97547913,40.74238968,-73.97454834,Cash,2.5,0,0.5,0,0,0.3,3.3
2,2016-03-10T11:19:41,2016-03-10T11:19:48,1,0,Standard rate,40.76471329,-73.93675995,0,0,Cash,2.5,0,0.5,0,0,0.3,3.3
2,2016-03-10T09:02:57,2016-03-10T09:03:33,1,0.02,Standard rate,40.74980545,-73.97737122,40.74980545,-73.97737122,Cash,2.5,0,0.5,0,0,0.3,3.3
2,2016-03-10T11:49:15,2016-03-10T11:49:22,1,0.04,Standard rate,0,0,0,0,Cash,2.5,0,0.5,0,0,0.3,3.3
2,2016-03-10T11:20:38,2016-03-10T11:21:30,1,0.01,Standard rate,40.70040894,-73.98774719,40.70048141,-73.98961639,Cash,2.5,0,0.5,0,0,0.3,3.3
2,2016-03-10T08:16:04,2016-03-10T08:16:16,1,0,Standard rate,0,0,40.76097107,-73.99475098,Cash,2.5,0,0.5,0,0,0.3,3.3
2,2016-03-10T12:04:35,2016-03-10T12:04:50,1,0.01,Standard rate,40.74922943,-73.9796524,40.74845123,-73.98043823,Cash,2.5,0,0.5,0,0,0.3,3.3
2,2016-03-10T11:14:11,2016-03-10T11:14:56,3,0,Standard rate,40.76485825,-73.93717194,40.76485825,-73.93717194,Credit card,2.5,0,0.5,0,0,0.3,3.3
2,2016-03-10T07:52:14,2016-03-10T07:52:31,1,0.1,Standard rate,40.64502716,-73.77715302,40.64531708,-73.77687836,Cash,2.5,0,0.5,0,0,0.3,3.3
2,2016-03-10T08:11:00,2016-03-10T08:11:02,6,0,Standard rate,0,0,0,0,Cash,2.5,0,0.5,0,0,0.3,3.3
2,2016-03-10T13:45:59,2016-03-10T13:46:02,6,0,Standard rate,0,0,40.77389908,-73.87111664,Cash,2.5,0,0.5,0,0,0.3,3.3
2,2016-03-10T07:28:41,2016-03-10T07:29:08,1,0.01,Standard rate,40.75137711,-73.99407959,40.75153351,-73.99403381,Cash,2.5,0,0.5,0,0,0.3,3.3
2,2016-03-10T09:28:21,2016-03-10T09:28:27,1,0,Standard rate,40.7646904,-73.93695831,40.76465607,-73.93696594,Cash,2.5,0,0.5,0,0,0.3,3.3
2,2016-03-10T07:31:49,2016-03-10T07:32:10,1,0.05,Standard rate,40.76704025,-73.99372864,40.7662735,-73.99131775,Cash,2.5,0,0.5,0,0,0.3,3.3
2,2016-03-10T11:14:16,2016-03-10T11:39:40,1,0,Standard rate,40.75882339,-73.97225189,40.75642395,-73.99371338,Cash,2.5,0,0.5,0,0,0.3,3.3
2,2016-03-10T12:03:14,2016-03-10T12:03:25,6,0,Standard rate,40.6449585,-73.77690125,40.6449585,-73.77690125,Cash,2.5,0,0.5,0,0,0.3,3.3
2,2016-03-01T06:13:38,2016-03-01T06:13:45,1,0.02,Standard rate,40.64117813,-73.78874969,40.64144897,-73.78819275,Cash,2.5,0,0.5,0,0,0.3,3.3
2,2016-03-10T13:39:03,2016-03-10T13:40:04,1,0.02,Standard rate,40.7490387,-73.98758698,40.74848175,-73.98809814,Cash,2.5,0,0.5,0,0,0.3,3.3
2,2016-03-10T08:00:17,2016-03-10T08:00:22,2,0,Standard rate,0,0,0,0,Cash,2.5,0,0.5,0,0,0.3,3.3
2,2016-03-10T08:02:15,2016-03-10T08:02:16,3,0.15,Standard rate,40.70825958,-74.01703644,40.70647812,-74.01777649,Cash,2.5,0,0.5,0,0,0.3,3.3
2,2016-03-10T09:21:57,2016-03-10T09:22:18,1,0,Standard rate,40.76464081,-73.93701935,40.76464081,-73.93701935,Credit card,2.5,0,0.5,0,0,0.3,3.3
2,2016-03-10T08:49:46,2016-03-10T08:49:57,1,0,Standard rate,40.76506805,-73.96133423,40.76486206,-73.96124268,Cash,2.5,0,0.5,0,0,0.3,3.3
2,2016-03-10T14:09:01,2016-03-11T14:00:34,1,0.05,Standard rate,40.76369858,-73.97756958,40.76403046,-73.97731781,Cash,2.5,0,0.5,0,0,0.3,3.3
2,2016-03-10T10:34:21,2016-03-10T10:34:26,1,0,Standard rate,0,0,0,0,Cash,2.5,0,0.5,0,0,0.3,3.3
2,2016-03-10T12:56:17,2016-03-10T12:56:20,1,0,Standard rate,0,0,40.74168015,-74.00437164,Cash,2.5,0,0.5,0,0,0.3,3.3
2,2016-03-10T07:13:33,2016-03-10T08:44:31,1,0,Standard rate,40.64638901,-73.78357697,40.72549057,-74.00492859,Cash,2.5,0,0.5,0,0,0.3,3.3
2,2016-03-10T11:31:46,2016-03-10T11:32:00,1,0.01,Standard rate,40.64471817,-73.78201294,40.64477921,-73.78186798,Cash,2.5,0,0.5,0,0,0.3,3.3
2,2016-03-10T13:37:34,2016-03-10T13:37:41,2,0,Standard rate,0,0,0,0,Cash,2.5,0,0.5,0,0,0.3,3.3
2,2016-03-10T12:59:41,2016-03-10T13:00:38,1,0.06,Standard rate,40.70444107,-74.01321411,40.70424271,-74.01313019,Credit card,2.5,0,0.5,0,0,0.3,3.3
2,2016-03-01T06:12:00,2016-03-01T06:12:13,5,0,Standard rate,40.76298141,-73.90222931,40.76296997,-73.90222931,Cash,2.5,0,0.5,0,0,0.3,3.3
2,2016-03-10T08:23:10,2016-03-10T08:36:56,1,0,Standard rate,40.75786591,-73.96962738,40.76701355,-73.95370483,Cash,2.5,0,0.5,0,0,0.3,3.3
2,2016-03-10T12:10:15,2016-03-10T12:10:51,1,0,Standard rate,40.7646904,-73.93691254,40.7646904,-73.93691254,Credit card,2.5,0,0.5,0,0,0.3,3.3
2,2016-03-10T11:03:09,2016-03-10T11:03:53,1,0.11,Standard rate,40.72558594,-73.99197388,40.72692871,-73.991539,Cash,2.5,0,0.5,0,0,0.3,3.3
2,2016-03-10T11:40:45,2016-03-10T11:40:53,1,0,Standard rate,40.64700699,-73.79000854,40.64689636,-73.79006195,Cash,2.5,0,0.5,0,0,0.3,3.3
2,2016-03-10T08:17:33,2016-03-10T08:18:13,6,0.08,Standard rate,40.75327301,-73.99302673,40.75390244,-73.9924469,Cash,2.5,0,0.5,0,0,0.3,3.3
2,2016-03-10T09:07:47,2016-03-10T09:07:54,5,0,Standard rate,40.76386642,-73.90176392,0,0,Cash,2.5,0,0.5,0,0,0.3,3.3
2,2016-03-10T12:36:53,2016-03-10T12:37:03,6,0,Standard rate,0,0,0,0,Cash,2.5,0,0.5,0,0,0.3,3.3
2,2016-03-10T08:46:42,2016-03-10T08:46:58,1,0.05,Standard rate,40.75653076,-73.98600006,40.75490952,-73.98693085,Cash,2.5,0,0.5,0,0,0.3,3.3
2,2016-03-10T13:03:27,2016-03-10T13:04:08,1,0.04,Standard rate,40.74922943,-73.98028564,40.74941635,-73.98088837,Cash,2.5,0,0.5,0,0,0.3,3.3
2,2016-03-10T11:18:42,2016-03-10T11:19:39,6,0.02,Standard rate,40.74842834,-73.97628784,40.74901962,-73.97595215,Cash,2.5,0,0.5,0,0,0.3,3.3
2,2016-03-10T11:17:41,2016-03-10T11:17:48,1,0,Standard rate,0,0,0,0,Cash,2.5,0,0.5,0,0,0.3,3.3
2,2016-03-10T09:57:17,2016-03-10T09:57:38,5,0.08,Standard rate,40.73268127,-73.98996735,40.73210144,-73.98872375,Cash,2.5,0,0.5,0,0,0.3,3.3
1,2016-03-01T05:27:26,2016-03-01T06:09:49,2,21.4,Standard rate,40.75520706,-73.97900391,40.74303818,-73.97711945,No charge,2.5,0,0.5,0,0,0.3,3.3
2,2016-03-10T10:00:48,2016-03-10T10:01:06,1,0.03,Standard rate,40.79265976,-73.97319031,40.79323959,-73.97286224,Cash,2.5,0,0.5,0,0,0.3,3.3
2,2016-03-01T00:08:00,2016-03-01T00:08:05,3,0,Standard rate,0,0,0,0,Cash,2.5,0.5,0.5,0,0,0.3,3.8
1,2016-03-01T00:22:20,2016-03-01T01:24:38,1,4.7,Standard rate,40.7348938,-73.99864197,40.72386932,-74.00579071,Cash,2.5,0.5,0.5,0,0,0.3,3.8
2,2016-03-01T00:57:07,2016-03-01T00:57:23,1,0,Standard rate,40.75805664,-73.9799118,40.75804138,-73.97989655,Cash,2.5,0.5,0.5,0,0,0.3,3.8
2,2016-03-01T01:33:37,2016-03-01T01:34:07,1,0.04,Standard rate,40.74153519,-74.00124359,40.74153519,-74.00124359,Cash,2.5,0.5,0.5,0,0,0.3,3.8
1,2016-03-01T05:02:40,2016-03-01T05:02:54,1,2.1,Standard rate,40.71482086,-73.94272614,40.71479416,-73.94272614,Cash,2.5,0.5,0.5,0,0,0.3,3.8
1,2016-03-01T01:01:26,2016-03-01T01:02:37,1,0,Standard rate,40.76102829,-73.99052429,40.76065826,-73.99134827,No charge,2.5,0.5,0.5,0,0,0.3,3.8
1,2016-03-01T02:04:30,2016-03-01T02:13:23,1,1.3,Standard rate,0,0,0,0,Cash,2.5,0.5,0.5,0,0,0.3,3.8
1,2016-03-01T02:42:49,2016-03-01T02:42:57,1,0,Standard rate,40.7515564,-73.94502258,40.7515564,-73.94500732,Cash,2.5,0.5,0.5,0,0,0.3,3.8
2,2016-03-01T03:48:36,2016-03-01T03:49:05,1,0,Standard rate,40.76002884,-73.98987579,40.75997162,-73.98991394,Cash,2.5,0.5,0.5,0,0,0.3,3.8
2,2016-03-01T05:34:58,2016-03-01T05:35:03,2,0.08,Standard rate,0,0,40.79373932,-73.92340851,Cash,2.5,0.5,0.5,0,0,0.3,3.8
1,2016-03-01T00:02:17,2016-03-01T00:02:22,1,0,Standard rate,40.67470169,-73.99958038,40.67469788,-73.99958038,No charge,2.5,0.5,0.5,0,0,0.3,3.8
1,2016-03-01T00:17:00,2016-03-01T00:17:11,1,0,Standard rate,40.7336998,-73.9879303,40.7336998,-73.9879303,Cash,2.5,0.5,0.5,0,0,0.3,3.8
2,2016-03-01T03:25:56,2016-03-01T03:26:40,1,0.08,Standard rate,40.74023056,-74.00205231,40.74124908,-74.00134277,Credit card,2.5,0.5,0.5,0,0,0.3,3.8
2,2016-03-01T00:05:48,2016-03-01T00:05:52,1,0,Standard rate,0,0,0,0,Cash,2.5,0.5,0.5,0,0,0.3,3.8
2,2016-03-01T05:14:20,2016-03-01T05:15:11,1,0,Standard rate,40.80620956,-73.94673157,40.80620956,-73.94673157,Cash,2.5,0.5,0.5,0,0,0.3,3.8
2,2016-03-01T03:33:52,2016-03-01T03:34:01,5,0,Standard rate,40.74081039,-74.0049057,40.74214172,-74.00791168,Cash,2.5,0.5,0.5,0,0,0.3,3.8
1,2016-03-01T00:16:27,2016-03-01T00:16:30,1,0,Standard rate,40.64535904,-73.7766571,40.64537811,-73.7766571,Cash,2.5,0.5,0.5,0,0,0.3,3.8
2,2016-03-01T01:49:23,2016-03-01T01:49:52,1,0,Standard rate,40.79124069,-73.94486237,40.79133606,-73.9447937,Cash,2.5,0.5,0.5,0,0,0.3,3.8
1,2016-03-01T01:21:38,2016-03-01T01:21:54,1,18.3,Standard rate,40.75078583,-73.89369202,40.75078583,-73.89369202,No charge,2.5,0.5,0.5,0,0,0.3,3.8
1,2016-03-01T05:04:31,2016-03-01T05:04:45,1,0,Standard rate,40.74497986,-73.92604828,40.74497986,-73.92604828,Cash,2.5,0.5,0.5,0,0,0.3,3.8
1,2016-03-01T00:18:42,2016-03-01T00:19:12,1,0,Standard rate,40.75154114,-73.94527435,40.75154114,-73.94527435,Cash,2.5,0.5,0.5,0,0,0.3,3.8
1,2016-03-01T05:06:27,2016-03-01T05:06:35,1,0,Standard rate,40.77816391,-73.94869232,40.77813721,-73.94863129,No charge,2.5,0.5,0.5,0,0,0.3,3.8
1,2016-03-01T05:45:30,2016-03-01T05:45:48,1,0,Standard rate,40.76324463,-73.9828186,40.76322556,-73.9828186,No charge,2.5,0.5,0.5,0,0,0.3,3.8
1,2016-03-01T00:47:43,2016-03-01T00:47:45,1,0,Standard rate,40.71788025,-73.95555115,40.71788025,-73.95555115,Cash,2.5,0.5,0.5,0,0,0.3,3.8
2,2016-03-01T00:36:22,2016-03-01T00:36:54,1,0.01,Standard rate,40.81055069,-73.95211029,40.81053543,-73.95215607,Cash,2.5,0.5,0.5,0,0,0.3,3.8
1,2016-03-01T04:43:31,2016-03-01T04:43:34,1,0,Standard rate,40.74398804,-73.99557495,40.74401093,-73.99558258,No charge,2.5,0.5,0.5,0,0,0.3,3.8
1,2016-03-01T04:47:37,2016-03-01T04:47:58,1,0,Standard rate,40.73886871,-73.99952698,40.73946762,-74.00115204,Cash,2.5,0.5,0.5,0,0,0.3,3.8
2,2016-03-01T04:29:49,2016-03-01T04:30:05,1,0.02,Standard rate,40.76427078,-73.99217224,40.76459885,-73.99191284,Cash,2.5,0.5,0.5,0,0,0.3,3.8
2,2016-03-01T01:37:58,2016-03-01T01:38:03,2,0,Standard rate,0,0,0,0,Cash,2.5,0.5,0.5,0,0,0.3,3.8
1,2016-03-01T00:16:17,2016-03-01T00:16:23,1,0,Standard rate,40.75154114,-73.94527435,40.75154114,-73.94527435,Cash,2.5,0.5,0.5,0,0,0.3,3.8
1,2016-03-01T02:29:01,2016-03-01T02:29:12,1,0,Standard rate,40.65692139,-73.79433441,40.65692139,-73.79433441,Cash,2.5,0.5,0.5,0,0,0.3,3.8
1,2016-03-01T00:53:31,2016-03-01T00:53:48,1,0,Standard rate,40.64448547,-73.78244781,40.64480209,-73.78192902,Cash,2.5,0.5,0.5,0,0,0.3,3.8
2,2016-03-01T00:40:16,2016-03-01T00:40:18,5,0,Standard rate,0,0,40.64472961,-73.78185272,Cash,2.5,0.5,0.5,0,0,0.3,3.8
2,2016-03-01T02:27:28,2016-03-01T02:27:33,6,0,Standard rate,0,0,0,0,Credit card,2.5,0.5,0.5,0,0,0.3,3.8
2,2016-03-01T01:44:02,2016-03-01T01:44:13,2,0.08,Standard rate,40.80244064,-73.93682861,0,0,Cash,2.5,0.5,0.5,0,0,0.3,3.8
2,2016-03-01T00:20:15,2016-03-01T00:20:54,3,0.03,Standard rate,40.7257843,-73.98377991,40.72577667,-73.98361206,Credit card,2.5,0.5,0.5,0,0,0.3,3.8
2,2016-03-01T00:01:16,2016-03-01T00:01:57,1,0.03,Standard rate,40.75926208,-73.98413849,40.75932693,-73.98451996,Cash,2.5,0.5,0.5,0,0,0.3,3.8
1,2016-03-01T01:04:44,2016-03-01T01:05:33,1,0.1,Standard rate,40.72967148,-73.98970795,40.72990417,-73.98946381,Cash,2.5,0.5,0.5,0,0,0.3,3.8
2,2016-03-01T02:04:16,2016-03-01T02:04:53,1,0.09,Standard rate,40.75709152,-73.99015808,40.75701141,-73.99012756,Cash,2.5,0.5,0.5,0,0,0.3,3.8
1,2016-03-01T03:20:27,2016-03-01T03:20:43,1,0,Standard rate,40.80903625,-73.92976379,40.80755997,-73.93223572,No charge,2.5,0.5,0.5,0,0,0.3,3.8
2,2016-03-01T04:03:13,2016-03-01T04:03:17,1,0.08,Standard rate,40.64509583,-73.78084564,40.64631271,-73.78379822,Cash,2.5,0.5,0.5,0,0,0.3,3.8
1,2016-03-01T05:44:48,2016-03-01T05:45:14,1,0,Standard rate,40.75143814,-73.94540405,40.75144577,-73.94541168,Cash,2.5,0.5,0.5,0,0,0.3,3.8
2,2016-03-10T14:04:13,2016-03-10T14:04:40,1,0.11,Standard rate,40.76990128,-73.96508026,40.76925278,-73.96341705,Credit card,2.5,0,0.5,0.5,0,0.3,3.8
1,2016-03-01T05:56:55,2016-03-01T05:57:50,1,0,Standard rate,40.7624588,-73.9678421,40.76202774,-73.96810913,No charge,2.5,0.5,0.5,0,0,0.3,3.8
2,2016-03-01T01:29:16,2016-03-01T01:30:07,2,0.06,Standard rate,40.75582123,-73.97895813,40.75567245,-73.97937012,Cash,2.5,0.5,0.5,0,0,0.3,3.8
1,2016-03-01T02:53:22,2016-03-01T02:54:03,1,0,Standard rate,40.76278305,-73.98313141,40.76268387,-73.98310852,Cash,2.5,0.5,0.5,0,0,0.3,3.8
2,2016-03-01T00:31:02,2016-03-01T00:31:08,2,0,Standard rate,0,0,0,0,Cash,2.5,0.5,0.5,0,0,0.3,3.8
2,2016-03-01T05:54:21,2016-03-01T05:54:23,6,0,Standard rate,0,0,40.7612381,-73.99578857,Cash,2.5,0.5,0.5,0,0,0.3,3.8
1,2016-03-01T04:37:16,2016-03-01T04:38:27,1,0,Standard rate,40.8008194,-73.95828247,40.80018997,-73.95915985,Cash,2.5,0.5,0.5,0,0,0.3,3.8
1,2016-03-01T04:06:37,2016-03-01T04:06:42,1,0.1,Standard rate,40.72868729,-73.90916443,40.72776794,-73.90769196,No charge,2.5,0.5,0.5,0,0,0.3,3.8
1,2016-03-01T00:35:10,2016-03-01T00:35:12,1,5.3,Standard rate,40.72538376,-73.89658356,40.72533798,-73.8960495,Cash,2.5,0.5,0.5,0,0,0.3,3.8
2,2016-03-01T01:04:27,2016-03-01T01:04:53,3,0.01,Standard rate,40.64461517,-73.7822876,40.64463043,-73.78226471,Cash,2.5,0.5,0.5,0,0,0.3,3.8
1,2016-03-01T01:44:03,2016-03-01T01:44:03,2,0,Standard rate,40.72423553,-73.99706268,0,0,Cash,2.5,0.5,0.5,0,0,0.3,3.8
1,2016-03-01T04:29:01,2016-03-01T04:29:29,1,0,Standard rate,40.72615433,-74.00153351,40.72657394,-74.00209045,No charge,2.5,0.5,0.5,0,0,0.3,3.8
1,2016-03-01T04:55:18,2016-03-01T05:10:18,1,4.1,Standard rate,40.81606674,-73.95819855,40.76525116,-73.97676849,No charge,2.5,0.5,0.5,0,0,0.3,3.8
1,2016-03-01T00:19:34,2016-03-01T00:19:53,1,0,Standard rate,40.75154114,-73.94527435,40.75154114,-73.94527435,Cash,2.5,0.5,0.5,0,0,0.3,3.8
2,2016-03-01T01:47:33,2016-03-01T01:47:58,1,0,Standard rate,40.7509613,-73.99381256,40.75105667,-73.99375153,Cash,2.5,0.5,0.5,0,0,0.3,3.8
2,2016-03-01T05:47:52,2016-03-01T05:47:56,6,0,Standard rate,0,0,40.83710861,-73.86148834,Cash,2.5,0.5,0.5,0,0,0.3,3.8
1,2016-03-01T02:36:27,2016-03-01T02:36:27,1,0,Standard rate,0,0,0,0,Cash,2.5,0.5,0.5,0,0,0.3,3.8
1,2016-03-01T00:21:30,2016-03-01T00:21:54,1,0,Standard rate,40.75154114,-73.94527435,40.75154114,-73.94527435,Cash,2.5,0.5,0.5,0,0,0.3,3.8
1,2016-03-01T04:01:55,2016-03-01T04:02:35,1,0.1,Standard rate,40.79756927,-73.93728638,40.79542923,-73.93896484,Cash,2.5,0.5,0.5,0,0,0.3,3.8
1,2016-03-01T00:52:37,2016-03-01T00:52:59,1,0,Standard rate,40.75653458,-73.96814728,40.75632095,-73.96791077,Cash,2.5,0.5,0.5,0,0,0.3,3.8
1,2016-03-01T03:39:03,2016-03-01T03:39:50,1,0,Standard rate,40.76972961,-73.96287537,40.76915741,-73.96309662,No charge,2.5,0.5,0.5,0,0,0.3,3.8
1,2016-03-01T04:58:09,2016-03-01T05:00:37,1,0,Standard rate,40.76591873,-73.97686005,40.76592636,-73.97685242,Cash,2.5,0.5,0.5,0,0,0.3,3.8
2,2016-03-01T00:03:04,2016-03-01T00:03:22,5,0,Standard rate,0,0,0,0,Cash,2.5,0.5,0.5,0,0,0.3,3.8
1,2016-03-01T00:38:33,2016-03-01T00:38:35,1,0,Standard rate,40.70033646,-73.90395355,40.70033646,-73.90395355,Cash,2.5,0.5,0.5,0,0,0.3,3.8
1,2016-03-01T03:54:00,2016-03-01T03:54:05,1,0,Standard rate,40.60476303,-73.97429657,40.60476685,-73.97429657,Cash,2.5,0.5,0.5,0,0,0.3,3.8
2,2016-03-01T05:58:55,2016-03-01T05:59:14,1,0.11,Standard rate,40.77048874,-73.9540329,40.77220154,-73.95281219,Cash,2.5,0.5,0.5,0,0,0.3,3.8
1,2016-03-01T00:57:16,2016-03-01T00:57:16,4,0,Standard rate,40.81051636,-73.96204376,0,0,Cash,2.5,0.5,0.5,0,0,0.3,3.8
2,2016-03-01T01:03:29,2016-03-01T01:03:44,1,0.05,Standard rate,40.78039932,-73.95010376,40.78039932,-73.95010376,Cash,2.5,0.5,0.5,0,0,0.3,3.8
1,2016-03-01T01:28:27,2016-03-01T01:40:21,2,2.4,Standard rate,40.76414108,-73.97383118,40.7373085,-73.98344421,Cash,2.5,0.5,0.5,0,0,0.3,3.8
1,2016-03-01T00:15:46,2016-03-01T00:16:00,1,0,Standard rate,40.75154114,-73.94527435,40.75154114,-73.94527435,Cash,2.5,0.5,0.5,0,0,0.3,3.8
2,2016-03-01T05:11:56,2016-03-01T05:12:03,5,0,Standard rate,40.75400162,-73.88126373,40.75400162,-73.88126373,Cash,2.5,0.5,0.5,0,0,0.3,3.8
1,2016-03-01T05:48:25,2016-03-01T05:48:29,1,0,Standard rate,40.76198578,-73.99206543,40.76200485,-73.9920578,Cash,2.5,0.5,0.5,0,0,0.3,3.8
1,2016-03-01T00:20:08,2016-03-01T00:20:42,1,0,Standard rate,40.75154114,-73.94527435,40.75154114,-73.94527435,Cash,2.5,0.5,0.5,0,0,0.3,3.8
1,2016-03-01T01:50:11,2016-03-01T01:50:16,1,0.9,Standard rate,40.7518425,-73.94480896,40.7518425,-73.94480896,Cash,2.5,0.5,0.5,0,0,0.3,3.8
1,2016-03-01T00:44:14,2016-03-01T00:44:20,1,9.7,Standard rate,40.8073616,-73.96440125,40.8073616,-73.96440125,No charge,2.5,0.5,0.5,0,0,0.3,3.8
1,2016-03-01T00:15:13,2016-03-01T00:15:26,1,0,Standard rate,40.75154114,-73.94527435,40.75154114,-73.94527435,Cash,2.5,0.5,0.5,0,0,0.3,3.8
1,2016-03-01T01:47:19,2016-03-01T01:47:23,1,0.1,Standard rate,40.58646774,-73.89658356,40.58718872,-73.89738464,No charge,2.5,0.5,0.5,0,0,0.3,3.8
2,2016-03-01T01:27:23,2016-03-01T01:27:32,1,0.04,Standard rate,40.74629593,-73.98893738,40.7472496,-73.98963928,Cash,2.5,0.5,0.5,0,0,0.3,3.8
2,2016-03-01T04:02:11,2016-03-01T04:02:16,5,0.02,Standard rate,0,0,40.64459991,-73.78200531,Cash,2.5,0.5,0.5,0,0,0.3,3.8
2,2016-03-01T05:48:58,2016-03-01T05:49:21,1,0.02,Standard rate,40.64537048,-73.7767334,40.64611053,-73.77690125,Cash,2.5,0.5,0.5,0,0,0.3,3.8
1,2016-03-01T02:03:19,2016-03-01T02:04:10,1,0,Standard rate,40.81064606,-73.95429993,40.81064987,-73.95429993,Cash,2.5,0.5,0.5,0,0,0.3,3.8
1,2016-03-01T00:20:57,2016-03-01T00:21:14,1,0,Standard rate,40.75154114,-73.94527435,40.75154114,-73.94527435,Cash,2.5,0.5,0.5,0,0,0.3,3.8
2,2016-03-01T00:10:00,2016-03-01T00:10:04,1,0,Standard rate,40.75687408,-73.98977661,40.75677109,-73.98988342,Cash,2.5,0.5,0.5,0,0,0.3,3.8
1,2016-03-01T04:47:08,2016-03-01T04:47:42,1,0,Standard rate,40.78063583,-73.95256805,40.78063583,-73.95256805,Dispute,2.5,0.5,0.5,0,0,0.3,3.8
1,2016-03-01T04:58:10,2016-03-01T04:59:06,1,0,Standard rate,40.81085587,-73.93030548,40.81086731,-73.93032074,Cash,2.5,0.5,0.5,0,0,0.3,3.8
2,2016-03-01T05:23:47,2016-03-01T05:23:56,5,0,Standard rate,40.74985886,-73.97914124,40.74914169,-73.97969055,Cash,2.5,0.5,0.5,0,0,0.3,3.8
2,2016-03-01T02:54:09,2016-03-01T02:54:46,1,0.08,Standard rate,40.71242905,-73.94096375,40.71227264,-73.94087219,Cash,2.5,0.5,0.5,0,0,0.3,3.8
1,2016-03-01T00:11:21,2016-03-01T00:11:21,1,0,Standard rate,40.7515564,-73.94494629,0,0,Cash,2.5,0.5,0.5,0,0,0.3,3.8
2,2016-03-01T00:30:07,2016-03-01T00:30:26,2,0,Standard rate,0,0,0,0,Cash,2.5,0.5,0.5,0,0,0.3,3.8
1,2016-03-01T01:26:24,2016-03-01T01:27:20,2,0,Standard rate,40.72631836,-73.98332977,40.72650146,-73.9842453,No charge,2.5,0.5,0.5,0,0,0.3,3.8
2,2016-03-01T00:08:36,2016-03-01T00:08:41,1,0,Standard rate,40.76471329,-73.93682861,40.76469421,-73.93683624,Cash,2.5,0.5,0.5,0,0,0.3,3.8
2,2016-03-01T04:59:01,2016-03-01T04:59:56,1,0.07,Standard rate,40.76200867,-73.98347473,40.76232529,-73.98413849,Cash,2.5,0.5,0.5,0,0,0.3,3.8
1,2016-03-01T04:04:51,2016-03-01T04:05:21,1,0,Standard rate,40.65637589,-73.79386902,40.65637589,-73.79386902,Cash,2.5,0.5,0.5,0,0,0.3,3.8
2,2016-03-01T02:25:36,2016-03-01T02:26:03,1,0,Standard rate,40.66094971,-73.92066193,40.66094971,-73.92066193,Cash,2.5,0.5,0.5,0,0,0.3,3.8
1,2016-03-01T00:38:58,2016-03-01T00:39:27,1,0,Standard rate,40.75143814,-73.94539642,40.75143814,-73.94539642,Cash,2.5,0.5,0.5,0,0,0.3,3.8
2,2016-03-01T00:16:42,2016-03-01T00:17:54,1,0,Standard rate,40.77124786,-73.95046234,40.77125549,-73.95048523,Cash,2.5,0.5,0.5,0,0,0.3,3.8
2,2016-03-01T00:33:41,2016-03-01T00:34:00,1,0.06,Standard rate,40.65430069,-74.00456238,40.65372849,-74.00518036,Cash,2.5,0.5,0.5,0,0,0.3,3.8
1,2016-03-01T05:14:36,2016-03-01T05:14:49,1,0,Standard rate,40.74988556,-73.94285583,40.74988556,-73.94285583,Cash,2.5,0.5,0.5,0,0,0.3,3.8
2,2016-03-01T02:40:43,2016-03-01T02:40:50,1,0,Standard rate,40.82707214,-73.94639587,0,0,Cash,2.5,0.5,0.5,0,0,0.3,3.8
2,2016-03-01T00:52:09,2016-03-01T00:52:11,1,0.01,Standard rate,0,0,0,0,Cash,2.5,0.5,0.5,0,0,0.3,3.8
1,2016-03-01T01:32:49,2016-03-01T01:33:04,1,4.3,Standard rate,40.66443253,-73.61935425,40.66443253,-73.61936188,Dispute,2.5,0.5,0.5,0,0,0.3,3.8
1,2016-03-01T00:22:08,2016-03-01T00:22:26,1,0,Standard rate,40.75154114,-73.94527435,40.75154114,-73.94527435,Cash,2.5,0.5,0.5,0,0,0.3,3.8
1,2016-03-01T00:25:38,2016-03-01T00:26:05,1,0.1,Standard rate,40.74978256,-73.98735809,40.7485466,-73.98514557,No charge,2.5,0.5,0.5,0,0,0.3,3.8
1,2016-03-01T04:01:23,2016-03-01T04:01:51,1,0,Standard rate,40.76290894,-73.97188568,40.76290894,-73.97188568,Cash,2.5,0.5,0.5,0,0,0.3,3.8
2,2016-03-01T01:25:41,2016-03-01T01:25:49,6,0,Standard rate,40.76972961,-73.98935699,40.76982117,-73.98931885,Cash,2.5,0.5,0.5,0,0,0.3,3.8
1,2016-03-01T00:34:24,2016-03-01T00:34:49,1,0,Standard rate,40.7584343,-73.98908234,40.75858688,-73.98899841,Credit card,2.5,0.5,0.5,0,0,0.3,3.8
1,2016-03-01T00:58:09,2016-03-01T00:58:27,1,0.1,Standard rate,40.64565659,-73.77680969,40.64673996,-73.77790833,No charge,2.5,0.5,0.5,0,0,0.3,3.8
1,2016-03-01T05:34:00,2016-03-01T05:34:12,1,0,Standard rate,40.74987411,-73.94377136,40.74991989,-73.94402313,Cash,2.5,0.5,0.5,0,0,0.3,3.8
2,2016-03-01T01:08:58,2016-03-01T01:09:29,5,0.09,Standard rate,40.72969055,-74.00502014,40.72878265,-74.00527954,Cash,2.5,0.5,0.5,0,0,0.3,3.8
1,2016-03-01T01:04:24,2016-03-01T01:30:46,1,5.4,Standard rate,40.73249435,-73.98500824,40.69441223,-73.93126678,Cash,2.5,0.5,0.5,0,0,0.3,3.8
1,2016-03-01T00:08:10,2016-03-01T00:08:37,1,0,Standard rate,40.76044846,-73.97337341,40.76034927,-73.97215271,Cash,2.5,0.5,0.5,0,0,0.3,3.8
1,2016-03-01T05:17:17,2016-03-01T05:17:19,1,0,Standard rate,40.75043106,-73.95115662,40.75043106,-73.95116425,No charge,2.5,0.5,0.5,0,0,0.3,3.8
2,2016-03-01T00:09:32,2016-03-01T00:10:29,1,0.04,Standard rate,40.74618912,-73.97786713,40.74687958,-73.97730255,Cash,2.5,0.5,0.5,0,0,0.3,3.8
1,2016-03-01T02:19:36,2016-03-01T02:20:02,1,0,Standard rate,40.75794601,-73.97106934,40.75782013,-73.9710083,No charge,2.5,0.5,0.5,0,0,0.3,3.8
1,2016-03-01T03:25:38,2016-03-01T03:25:44,1,0,Standard rate,40.65631485,-73.79432678,40.65631485,-73.79432678,Cash,2.5,0.5,0.5,0,0,0.3,3.8
2,2016-03-01T05:05:16,2016-03-01T05:05:26,1,0,Standard rate,40.64487076,-73.78173065,0,0,Cash,2.5,0.5,0.5,0,0,0.3,3.8
1,2016-03-01T05:13:33,2016-03-01T05:14:51,2,0,Standard rate,40.72267151,-73.99697876,40.7224617,-73.99707794,Dispute,2.5,0.5,0.5,0,0,0.3,3.8
2,2016-03-01T00:06:54,2016-03-01T00:07:11,2,0,Standard rate,40.64509583,-73.7869339,40.64509583,-73.7869339,Cash,2.5,0.5,0.5,0,0,0.3,3.8
2,2016-03-01T04:47:20,2016-03-01T04:47:23,1,0,Standard rate,0,0,0,0,Cash,2.5,0.5,0.5,0,0,0.3,3.8
1,2016-03-01T00:24:39,2016-03-01T00:24:42,1,0,Standard rate,40.75154114,-73.94527435,40.75154114,-73.94527435,No charge,2.5,0.5,0.5,0,0,0.3,3.8
2,2016-03-01T01:34:43,2016-03-01T01:35:00,1,0.03,Standard rate,40.72612,-73.98947906,40.72542191,-73.98996735,Cash,2.5,0.5,0.5,0,0,0.3,3.8
2,2016-03-01T01:12:18,2016-03-01T01:13:37,1,0,Standard rate,40.76932526,-73.99198151,40.76945114,-73.99196625,Cash,2.5,0.5,0.5,0,0,0.3,3.8
2,2016-03-01T03:15:37,2016-03-01T03:15:41,1,0.01,Standard rate,0,0,0,0,Cash,2.5,0.5,0.5,0,0,0.3,3.8
1,2016-03-01T05:44:50,2016-03-01T05:45:27,1,0,Standard rate,40.75617981,-73.99035645,40.75716782,-73.98959351,No charge,2.5,0.5,0.5,0,0,0.3,3.8
1,2016-03-01T02:39:33,2016-03-01T02:39:40,1,0,Standard rate,40.72578049,-73.98378754,40.72612,-73.98347473,No charge,2.5,0.5,0.5,0,0,0.3,3.8
2,2016-03-01T04:20:18,2016-03-01T04:20:24,1,0,Standard rate,40.75694275,-73.98990631,40.75824356,-73.98803711,Cash,2.5,0.5,0.5,0,0,0.3,3.8
1,2016-03-01T03:33:52,2016-03-01T03:34:53,2,0,Standard rate,40.8270874,-73.88736725,40.8270874,-73.88696289,Cash,2.5,0.5,0.5,0,0,0.3,3.8
1,2016-03-01T00:42:12,2016-03-01T00:42:59,1,0,Standard rate,40.73901749,-73.99449158,40.7390213,-73.99449158,Cash,2.5,0.5,0.5,0,0,0.3,3.8
2,2016-03-01T06:11:09,2016-03-01T06:11:15,3,0,Standard rate,40.75191116,-73.85446167,40.75165939,-73.85463715,Credit card,2.5,0,0.5,30,0,0.3,33.3
2,2016-03-10T10:40:17,2016-03-10T10:40:39,6,0.04,Standard rate,40.75645828,-73.97447205,40.75608063,-73.97460175,Credit card,2.5,0,0.5,1.08,0,0.3,4.38
1,2016-03-01T00:44:54,2016-03-01T00:54:42,1,3.1,Standard rate,40.79854202,-73.97079468,40.76945496,-73.98928833,Credit card,2.5,0.5,0.5,12.3,0,0.3,16.1
1,2016-03-01T00:59:23,2016-03-01T00:59:38,1,0,Standard rate,40.76408386,-73.98550415,40.76415253,-73.98581696,Credit card,2.5,0.5,0.5,1.1,0,0.3,4.9
2,2016-03-10T07:13:06,2016-03-10T07:13:10,1,0,Standard rate,40.76465988,-73.97997284,40.76462936,-73.97994995,Credit card,2.5,0,0.5,5,0,0.3,8.3
2,2016-03-10T10:42:20,2016-03-10T10:43:04,2,0,Standard rate,0,0,40.89336014,-73.90885925,Credit card,2.5,0,0.5,5,0,0.3,8.3
2,2016-03-10T14:00:08,2016-03-10T14:00:13,1,0,Standard rate,0,0,0,0,Credit card,2.5,0,0.5,5,0,0.3,8.3
1,2016-03-01T03:29:31,2016-03-01T03:29:35,1,1.4,Standard rate,40.86317062,-73.88812256,40.86316299,-73.88814545,Credit card,2.5,0.5,0.5,5,0,0.3,8.8
2,2016-03-10T12:15:35,2016-03-10T12:15:40,6,0,Standard rate,0,0,0,0,Credit card,2.5,0,0.5,6,0,0.3,9.3
2,2016-03-10T10:33:02,2016-03-10T10:36:18,1,0,Standard rate,40.76599121,-73.97664642,40.77170181,-73.98275757,Credit card,2.5,0,0.5,6.5,0,0.3,9.8
2,2016-03-10T12:27:17,2016-03-10T12:27:51,1,0,Standard rate,40.75848007,-73.98638916,40.75838089,-73.9866333,Credit card,2.5,0,0.5,7,0,0.3,10.3
2,2016-03-10T10:20:06,2016-03-10T10:20:08,1,0,Standard rate,0,0,40.71738815,-74.00694275,Credit card,2.5,0,0.5,10,0,0.3,13.3
2,2016-03-10T11:38:13,2016-03-10T11:38:13,6,0,Standard rate,40.74053574,-73.9757843,40.74248886,-73.98041534,Credit card,2.5,0,0.5,10,0,0.3,13.3
2,2016-03-01T04:28:26,2016-03-01T04:28:29,5,0,Standard rate,0,0,40.72711945,-73.97659302,Credit card,2.5,0.5,0.5,10,0,0.3,13.8
2,2016-03-10T07:35:37,2016-03-10T07:35:41,1,0,Standard rate,0,0,0,0,Credit card,2.5,0,0.5,11,0,0.3,14.3
2,2016-03-10T10:37:18,2016-03-10T10:38:03,1,0,Standard rate,0,0,40.74132919,-73.99141693,Credit card,2.5,0,0.5,12,0,0.3,15.3
2,2016-03-10T07:48:46,2016-03-10T07:49:06,5,0,Standard rate,40.76406097,-73.93739319,40.76459122,-73.93675232,Credit card,2.5,0,0.5,0.66,0,0.3,3.96
2,2016-03-10T10:25:10,2016-03-10T10:25:46,1,0.07,Standard rate,40.75978851,-73.97186279,40.75905991,-73.97097015,Credit card,2.5,0,0.5,0.66,0,0.3,3.96
2,2016-03-10T07:09:36,2016-03-10T07:10:35,1,0.04,Standard rate,40.74309921,-74.00012207,40.74357986,-73.99978638,Credit card,2.5,0,0.5,0.66,0,0.3,3.96
2,2016-03-10T11:37:46,2016-03-10T11:38:32,5,0.12,Standard rate,40.73931885,-73.98719025,40.74073029,-73.98622894,Credit card,2.5,0,0.5,0.66,0,0.3,3.96
2,2016-03-10T11:21:17,2016-03-10T11:21:42,1,0,Standard rate,40.76475143,-73.9371109,40.76486969,-73.93704224,Credit card,2.5,0,0.5,0.66,0,0.3,3.96
2,2016-03-10T11:13:23,2016-03-10T11:14:04,1,0,Standard rate,40.76473999,-73.93701935,40.76470184,-73.9369812,Credit card,2.5,0,0.5,0.66,0,0.3,3.96
2,2016-03-10T07:47:00,2016-03-10T07:47:27,5,0,Standard rate,40.76456833,-73.93688965,40.76454163,-73.93688202,Credit card,2.5,0,0.5,0.66,0,0.3,3.96
2,2016-03-10T09:22:52,2016-03-10T09:23:50,1,0.11,Standard rate,40.75505066,-73.97567749,40.75410843,-73.97428894,Credit card,2.5,0,0.5,0.66,0,0.3,3.96
2,2016-03-10T13:36:50,2016-03-10T13:37:28,2,0,Standard rate,40.81312943,-73.95401001,40.81312943,-73.95401001,Credit card,2.5,0,0.5,0.66,0,0.3,3.96
2,2016-03-10T10:31:41,2016-03-10T10:31:51,6,0,Standard rate,40.75439835,-73.98921204,40.75414276,-73.98942566,Credit card,2.5,0,0.5,15,0,0.3,18.3
2,2016-03-10T12:25:16,2016-03-10T12:26:25,6,0,Standard rate,40.71249771,-74.00914764,0,0,Credit card,2.5,0,0.5,15,0,0.3,18.3
2,2016-03-10T12:15:06,2016-03-10T12:15:17,1,0.03,Standard rate,40.75411224,-73.98940277,0,0,Credit card,2.5,0,0.5,15,0,0.3,18.3
2,2016-03-10T12:25:41,2016-03-10T12:25:56,1,0,Standard rate,40.73908997,-73.9914093,40.73905182,-73.99136353,Credit card,2.5,0,0.5,20,0,0.3,23.3
2,2016-03-10T09:54:15,2016-03-10T09:55:07,1,0,Standard rate,40.7265358,-73.99037933,40.7265358,-73.99037933,Credit card,2.5,0,0.5,20,0,0.3,23.3
2,2016-03-10T10:20:52,2016-03-10T10:21:17,1,0,Standard rate,0,0,0,0,Credit card,2.5,0,0.5,20,0,0.3,23.3
2,2016-03-10T08:35:36,2016-03-10T08:35:46,1,0,Standard rate,40.75318909,-73.97364807,40.75294876,-73.97386169,Credit card,2.5,0,0.5,24.5,0,0.3,27.8
2,2016-03-01T00:56:24,2016-03-01T00:56:46,1,0,Standard rate,40.81798935,-73.93791962,40.81798935,-73.93791962,Credit card,2.5,0.5,0.5,25,0,0.3,28.8
2,2016-03-10T11:15:19,2016-03-10T11:15:31,1,0,Standard rate,40.74187088,-73.98082733,40.74187851,-73.98085022,Credit card,2.5,0,0.5,125.88,0,0.3,129.18
2,2016-03-10T12:56:51,2016-03-10T12:56:55,1,0,Standard rate,0,0,0,0,No charge,-2.5,0,-0.5,0,0,-0.3,-3
2,2016-03-10T12:51:46,2016-03-10T12:51:51,1,0,Standard rate,0,0,0,0,No charge,-2.5,0,-0.5,-2.7,0,-0.3,-6
2,2016-03-10T13:52:20,2016-03-10T13:52:36,5,0.02,Standard rate,40.72633362,-73.99506378,40.72623062,-73.99503326,Dispute,-2.5,0,-0.5,0,0,-0.3,-3.3
2,2016-03-10T07:13:33,2016-03-10T08:44:31,1,0,Standard rate,40.64638901,-73.78357697,40.72549057,-74.00492859,No charge,-2.5,0,-0.5,0,0,-0.3,-3.3
2,2016-03-10T07:31:49,2016-03-10T07:32:10,1,0.05,Standard rate,40.76704025,-73.99372864,40.7662735,-73.99131775,No charge,-2.5,0,-0.5,0,0,-0.3,-3.3
2,2016-03-10T13:53:53,2016-03-10T13:54:06,5,0,Standard rate,40.71493149,-74.01609039,40.71546936,-74.01580048,Dispute,-2.5,0,-0.5,0,0,-0.3,-3.3
2,2016-03-10T09:49:01,2016-03-10T09:49:34,5,0,Standard rate,40.75725937,-73.98990631,40.75833893,-73.98915863,No charge,-2.5,0,-0.5,0,0,-0.3,-3.3
2,2016-03-10T11:19:41,2016-03-10T11:19:48,1,0,Standard rate,40.76471329,-73.93675995,0,0,Dispute,-2.5,0,-0.5,0,0,-0.3,-3.3
2,2016-03-01T06:03:26,2016-03-01T06:03:31,1,0,Standard rate,40.77056885,-73.91755676,40.76990128,-73.9183197,No charge,-2.5,0,-0.5,0,0,-0.3,-3.3
2,2016-03-10T11:20:38,2016-03-10T11:21:30,1,0.01,Standard rate,40.70040894,-73.98774719,40.70048141,-73.98961639,No charge,-2.5,0,-0.5,0,0,-0.3,-3.3
2,2016-03-10T08:33:04,2016-03-10T08:33:44,1,0.11,Standard rate,40.77843475,-73.98171997,40.77788544,-73.97988892,Dispute,-2.5,0,-0.5,0,0,-0.3,-3.3
2,2016-03-10T13:30:10,2016-03-10T13:30:11,1,0,Standard rate,40.74932861,-73.98262787,40.74863815,-73.98113251,Dispute,-2.5,0,-0.5,0,0,-0.3,-3.3
2,2016-03-10T11:17:41,2016-03-10T11:17:48,1,0,Standard rate,0,0,0,0,Dispute,-2.5,0,-0.5,0,0,-0.3,-3.3
2,2016-03-10T07:44:24,2016-03-10T07:45:25,1,0,Standard rate,0,0,40.76454926,-73.9367218,Dispute,-2.5,0,-0.5,0,0,-0.3,-3.3
2,2016-03-10T09:50:25,2016-03-10T09:50:34,1,0.07,Standard rate,40.64202118,-73.78869629,40.64477921,-73.78649139,Dispute,-2.5,0,-0.5,0,0,-0.3,-3.3
2,2016-03-10T13:09:27,2016-03-10T13:09:50,1,0.03,Standard rate,40.64483643,-73.78170013,40.64497375,-73.78131866,Dispute,-2.5,0,-0.5,0,0,-0.3,-3.3
2,2016-03-10T13:41:09,2016-03-10T13:41:34,6,0,Standard rate,40.75024033,-73.94419861,40.75021362,-73.94425201,No charge,-2.5,0,-0.5,0,0,-0.3,-3.3
2,2016-03-10T13:47:46,2016-03-10T13:48:36,1,0.04,Standard rate,40.76202011,-73.96016693,40.76348877,-73.95941925,No charge,-2.5,0,-0.5,0,0,-0.3,-3.3
2,2016-03-10T11:12:25,2016-03-10T11:13:31,6,0.02,Standard rate,40.795681,-73.93263245,40.79590988,-73.93258667,No charge,-2.5,0,-0.5,0,0,-0.3,-3.3
2,2016-03-01T05:23:47,2016-03-01T05:23:56,5,0,Standard rate,40.74985886,-73.97914124,40.74914169,-73.97969055,No charge,-2.5,-0.5,-0.5,0,0,-0.3,-3.8
2,2016-03-01T02:40:43,2016-03-01T02:40:50,1,0,Standard rate,40.82707214,-73.94639587,0,0,No charge,-2.5,-0.5,-0.5,0,0,-0.3,-3.8
2,2016-03-01T00:06:54,2016-03-01T00:07:11,2,0,Standard rate,40.64509583,-73.7869339,40.64509583,-73.7869339,Dispute,-2.5,-0.5,-0.5,0,0,-0.3,-3.8
2,2016-03-01T01:29:16,2016-03-01T01:30:07,2,0.06,Standard rate,40.75582123,-73.97895813,40.75567245,-73.97937012,No charge,-2.5,-0.5,-0.5,0,0,-0.3,-3.8
2,2016-03-01T01:04:27,2016-03-01T01:04:53,3,0.01,Standard rate,40.64461517,-73.7822876,40.64463043,-73.78226471,Dispute,-2.5,-0.5,-0.5,0,0,-0.3,-3.8
2,2016-03-01T00:10:00,2016-03-01T00:10:04,1,0,Standard rate,40.75687408,-73.98977661,40.75677109,-73.98988342,No charge,-2.5,-0.5,-0.5,0,0,-0.3,-3.8
2,2016-03-01T04:20:18,2016-03-01T04:20:24,1,0,Standard rate,40.75694275,-73.98990631,40.75824356,-73.98803711,Dispute,-2.5,-0.5,-0.5,0,0,-0.3,-3.8
2,2016-03-01T01:34:43,2016-03-01T01:35:00,1,0.03,Standard rate,40.72612,-73.98947906,40.72542191,-73.98996735,No charge,-2.5,-0.5,-0.5,0,0,-0.3,-3.8
2,2016-03-01T01:27:23,2016-03-01T01:27:32,1,0.04,Standard rate,40.74629593,-73.98893738,40.7472496,-73.98963928,Dispute,-2.5,-0.5,-0.5,0,0,-0.3,-3.8
2,2016-03-10T07:47:00,2016-03-10T07:47:27,5,0,Standard rate,40.76456833,-73.93688965,40.76454163,-73.93688202,Dispute,-2.5,0,-0.5,-0.66,0,-0.3,-3.96
2,2016-03-10T07:48:46,2016-03-10T07:49:06,5,0,Standard rate,40.76406097,-73.93739319,40.76459122,-73.93675232,Dispute,-2.5,0,-0.5,-0.66,0,-0.3,-3.96
2,2016-03-10T12:23:31,2016-03-10T12:24:15,1,0.21,Standard rate,40.74629211,-74.00518036,40.74839783,-74.00338745,Credit card,3,0,0.5,0.2,0,0.3,4
2,2016-03-10T09:41:50,2016-03-10T09:42:50,6,0.34,Standard rate,40.786026,-73.953125,40.78155899,-73.9561615,Credit card,3,0,0.5,0.95,0,0.3,4.75
2,2016-03-10T07:55:57,2016-03-10T07:56:50,2,0.34,Standard rate,40.75551605,-73.98728943,40.75148773,-73.99056244,Credit card,3,0,0.5,0.95,0,0.3,4.75
2,2016-03-10T09:02:48,2016-03-10T09:04:03,1,0.26,Standard rate,40.79037094,-73.96549225,40.79050064,-73.96922302,Credit card,3,0,0.5,0.95,0,0.3,4.75
2,2016-03-10T13:08:43,2016-03-10T13:09:59,1,0.36,Standard rate,40.77557373,-73.98222351,40.7801857,-73.98053741,Credit card,3,0,0.5,0.95,0,0.3,4.75
2,2016-03-10T11:25:04,2016-03-10T11:25:58,1,0.29,Standard rate,40.78097153,-73.95245361,40.78464127,-73.94992065,Credit card,3,0,0.5,0.95,0,0.3,4.75
2,2016-03-10T08:32:02,2016-03-10T08:32:49,1,0.23,Standard rate,40.7467308,-73.98595428,40.74451828,-73.98737335,Credit card,3,0,0.5,0.95,0,0.3,4.75
2,2016-03-10T08:57:18,2016-03-10T08:58:16,1,0.38,Standard rate,40.8051796,-73.96212006,40.81000137,-73.9586792,Credit card,3,0,0.5,0.95,0,0.3,4.75
2,2016-03-10T12:28:43,2016-03-10T12:29:38,1,0.31,Standard rate,40.78040314,-73.95904541,40.78417587,-73.9562912,Credit card,3,0,0.5,0.95,0,0.3,4.75
2,2016-03-10T09:55:52,2016-03-10T09:56:51,1,0.29,Standard rate,40.7794075,-73.95570374,40.77640533,-73.95790863,Credit card,3,0,0.5,0.95,0,0.3,4.75
2,2016-03-10T09:15:17,2016-03-10T09:16:06,1,0.23,Standard rate,40.73740005,-73.99661255,40.74044037,-73.99453735,Credit card,3,0,0.5,0.95,0,0.3,4.75
1,2016-03-01T06:14:10,2016-03-01T06:15:12,1,0.3,Standard rate,40.79652023,-73.97039795,40.79188538,-73.97388458,Credit card,3,0,0.5,0.95,0,0.3,4.75
1,2016-03-01T00:29:30,2016-03-01T00:30:42,1,0.3,Standard rate,40.77995682,-73.98432159,40.77659607,-73.9821701,Credit card,3,0.5,0.5,0.7,0,0.3,5
2,2016-03-10T13:29:11,2016-03-10T13:30:01,3,0.18,Standard rate,40.76480865,-73.96649933,40.76605606,-73.96940613,Credit card,3,0,0.5,8.99,0,0.3,12.79
2,2016-03-10T09:09:10,2016-03-10T09:10:46,1,0.23,Standard rate,40.74030304,-73.98634338,40.74279022,-73.98457336,Credit card,3,0,0.5,0.5,0,0.3,4.3
1,2016-03-01T00:01:34,2016-03-01T00:03:29,2,0,Standard rate,40.74721146,-73.98342896,40.74782181,-73.98468018,No charge,3,0.5,0.5,0,0,0.3,4.3
2,2016-03-01T04:31:23,2016-03-01T04:32:40,1,0.27,Standard rate,40.76226044,-73.98291016,40.75904083,-73.98592377,Cash,3,0.5,0.5,0,0,0.3,4.3
2,2016-03-01T03:56:51,2016-03-01T03:58:30,1,0.21,Standard rate,40.71914673,-73.98992157,40.71998596,-73.9930191,Credit card,3,0.5,0.5,0,0,0.3,4.3
1,2016-03-01T01:10:48,2016-03-01T01:12:04,1,0.2,Standard rate,40.71877289,-73.98858643,40.72036362,-73.99378967,Cash,3,0.5,0.5,0,0,0.3,4.3
2,2016-03-01T00:17:27,2016-03-01T00:18:34,1,0.37,Standard rate,40.72387314,-74.00476074,40.72792435,-74.00212097,Cash,3,0.5,0.5,0,0,0.3,4.3
2,2016-03-01T00:40:56,2016-03-01T00:42:08,2,0.3,Standard rate,40.77165604,-73.96115875,40.77270126,-73.95580292,Cash,3,0.5,0.5,0,0,0.3,4.3
1,2016-03-01T04:38:56,2016-03-01T04:40:01,1,0.3,Standard rate,40.73273468,-73.98534393,40.73514938,-73.99034119,Cash,3,0.5,0.5,0,0,0.3,4.3
2,2016-03-01T03:02:46,2016-03-01T03:04:46,1,0.04,Standard rate,40.73644257,-73.98199463,40.73595047,-73.98228455,Cash,3,0.5,0.5,0,0,0.3,4.3
2,2016-03-01T00:55:14,2016-03-01T00:56:32,5,0.26,Standard rate,40.70643997,-73.95185089,40.70848846,-73.95802307,Cash,3,0.5,0.5,0,0,0.3,4.3
2,2016-03-01T00:32:34,2016-03-01T00:33:30,1,0.28,Standard rate,40.7522583,-73.98976135,40.74855042,-73.98853302,Cash,3,0.5,0.5,0,0,0.3,4.3
1,2016-03-01T00:14:19,2016-03-01T00:15:24,1,0.3,Standard rate,40.76390457,-73.97206879,40.76165771,-73.9670105,Cash,3,0.5,0.5,0,0,0.3,4.3
2,2016-03-01T00:10:57,2016-03-01T00:16:15,1,0.22,Standard rate,40.78139877,-73.91777802,40.78379822,-73.91525269,Cash,3,0.5,0.5,0,0,0.3,4.3
1,2016-03-01T03:02:50,2016-03-01T03:04:05,1,4.7,Standard rate,40.76920319,-73.98839569,40.76967239,-73.98804474,Cash,3,0.5,0.5,0,0,0.3,4.3
1,2016-03-01T04:08:30,2016-03-01T04:09:16,1,0.3,Standard rate,40.79825974,-73.94184113,40.79458237,-73.94378662,Cash,3,0.5,0.5,0,0,0.3,4.3
2,2016-03-01T00:58:34,2016-03-01T00:59:32,1,0.28,Standard rate,40.74982071,-73.98158264,40.75271988,-73.97846985,Cash,3,0.5,0.5,0,0,0.3,4.3
1,2016-03-01T02:15:43,2016-03-01T02:16:37,1,0.4,Standard rate,40.76348114,-73.9812088,40.75868225,-73.98482513,Cash,3,0.5,0.5,0,0,0.3,4.3
1,2016-03-01T02:38:56,2016-03-01T02:40:37,1,1.9,Standard rate,40.68330383,-73.97683716,40.68252563,-73.97646332,No charge,3,0.5,0.5,0,0,0.3,4.3
2,2016-03-01T00:31:46,2016-03-01T00:32:54,1,0.36,Standard rate,40.75514984,-73.9870224,40.7498703,-73.99153137,Cash,3,0.5,0.5,0,0,0.3,4.3
2,2016-03-01T05:57:09,2016-03-01T05:58:43,2,0.19,Standard rate,40.74875641,-73.97285461,40.74877548,-73.97541046,Cash,3,0.5,0.5,0,0,0.3,4.3
1,2016-03-01T00:58:17,2016-03-01T00:59:52,3,0.2,Standard rate,40.76436996,-73.99188232,40.7634201,-73.98907471,Cash,3,0.5,0.5,0,0,0.3,4.3
2,2016-03-01T00:38:15,2016-03-01T00:39:20,2,0.33,Standard rate,40.80212784,-73.94948578,40.80580139,-73.95263672,Cash,3,0.5,0.5,0,0,0.3,4.3
2,2016-03-01T00:09:31,2016-03-01T00:10:27,1,0.24,Standard rate,40.76903152,-73.8625412,40.77067947,-73.86723328,Cash,3,0.5,0.5,0,0,0.3,4.3
2,2016-03-01T01:10:43,2016-03-01T01:12:09,1,0.1,Standard rate,40.74451065,-73.99443817,40.74412918,-73.99178314,Cash,3,0.5,0.5,0,0,0.3,4.3
1,2016-03-01T04:20:18,2016-03-01T04:21:35,2,0.2,Standard rate,40.74533081,-73.9050293,40.74589157,-73.90222931,No charge,3,0.5,0.5,0,0,0.3,4.3
1,2016-03-01T01:30:23,2016-03-01T01:32:15,1,2.1,Standard rate,40.74914169,-73.99568176,40.75020981,-73.99498749,No charge,3,0.5,0.5,0,0,0.3,4.3
2,2016-03-01T04:44:04,2016-03-01T04:45:23,1,0.25,Standard rate,40.77788162,-73.97952271,40.78253937,-73.97875977,Cash,3,0.5,0.5,0,0,0.3,4.3
1,2016-03-01T00:08:19,2016-03-01T00:08:19,1,0,Standard rate,40.7565918,-73.98923492,0,0,Cash,3,0.5,0.5,0,0,0.3,4.3
1,2016-03-01T01:08:27,2016-03-01T01:11:40,1,0.2,Standard rate,40.76439667,-73.97688293,40.76247406,-73.97275543,Cash,3,0.5,0.5,0,0,0.3,4.3
1,2016-03-01T03:02:53,2016-03-01T03:04:31,2,0.2,Standard rate,40.76345444,-73.98925018,40.76073837,-73.9901123,Cash,3,0.5,0.5,0,0,0.3,4.3
1,2016-03-01T03:07:28,2016-03-01T03:08:44,1,0.1,Standard rate,40.74412155,-73.99591064,40.74339676,-73.99624634,Credit card,3,0.5,0.5,0,0,0.3,4.3
2,2016-03-01T05:47:37,2016-03-01T05:48:15,1,0.27,Standard rate,40.77376175,-73.95766449,40.77687836,-73.95548248,Cash,3,0.5,0.5,0,0,0.3,4.3
1,2016-03-01T00:58:05,2016-03-01T00:59:09,1,0.1,Standard rate,40.67847061,-73.97330475,40.67918015,-73.97381592,Dispute,3,0.5,0.5,0,0,0.3,4.3
1,2016-03-01T03:37:00,2016-03-01T03:38:40,1,0.1,Standard rate,40.75437546,-73.99223328,40.7565155,-73.99003601,Cash,3,0.5,0.5,0,0,0.3,4.3
1,2016-03-01T00:04:45,2016-03-01T00:05:34,1,0.2,Standard rate,40.75617599,-73.98454285,40.75793076,-73.98911285,Cash,3,0.5,0.5,0,0,0.3,4.3
2,2016-03-01T05:45:38,2016-03-01T05:46:58,2,0.18,Standard rate,40.79947662,-73.94727325,40.79763031,-73.94869232,Cash,3,0.5,0.5,0,0,0.3,4.3
2,2016-03-01T00:19:04,2016-03-01T00:19:53,2,0.3,Standard rate,40.73285294,-74.00004578,40.73951721,-73.99520111,Cash,3,0.5,0.5,0,0,0.3,4.3
2,2016-03-01T02:06:06,2016-03-01T02:07:17,5,0.28,Standard rate,40.7640419,-73.98838043,40.76042938,-73.98964691,Cash,3,0.5,0.5,0,0,0.3,4.3
1,2016-03-01T01:28:50,2016-03-01T01:30:23,3,0.3,Standard rate,40.69225311,-73.98735809,40.6961441,-73.98720551,Cash,3,0.5,0.5,0,0,0.3,4.3
1,2016-03-01T01:57:26,2016-03-01T01:58:21,1,0.1,Standard rate,40.76284027,-73.98226929,40.76042938,-73.98335266,Cash,3,0.5,0.5,0,0,0.3,4.3
1,2016-03-01T01:50:32,2016-03-01T02:18:08,2,0.2,Standard rate,40.75843811,-73.96600342,40.74808884,-73.94741058,Cash,3,0.5,0.5,0,0,0.3,4.3
1,2016-03-01T02:18:44,2016-03-01T02:19:53,1,0.3,Standard rate,40.69795227,-73.92604065,40.69520187,-73.9234848,Cash,3,0.5,0.5,0,0,0.3,4.3
2,2016-03-01T05:12:40,2016-03-01T05:13:25,1,0.29,Standard rate,40.77746964,-73.94606781,40.77884293,-73.95173645,Cash,3,0.5,0.5,0,0,0.3,4.3
1,2016-03-01T00:16:45,2016-03-01T00:18:14,1,0,Standard rate,40.75154114,-73.94527435,40.75154114,-73.94527435,Cash,3,0.5,0.5,0,0,0.3,4.3
1,2016-03-01T05:19:03,2016-03-01T05:20:31,1,0,Standard rate,40.7938385,-73.9402771,40.79363632,-73.94052887,Cash,3,0.5,0.5,0,0,0.3,4.3
1,2016-03-01T05:17:18,2016-03-01T05:19:14,1,2.2,Standard rate,40.74296951,-74.00173187,40.74291992,-74.00171661,Cash,3,0.5,0.5,0,0,0.3,4.3
2,2016-03-01T00:22:18,2016-03-01T00:23:30,1,0.18,Standard rate,40.80005646,-73.95863342,40.79564667,-73.9618454,Cash,3,0.5,0.5,0,0,0.3,4.3
2,2016-03-01T03:49:45,2016-03-01T03:50:41,1,0.23,Standard rate,40.76789093,-73.98596191,40.76952744,-73.98945618,Credit card,3,0.5,0.5,0,0,0.3,4.3
1,2016-03-01T03:58:53,2016-03-01T04:00:15,3,0.2,Standard rate,40.80458832,-73.95523834,40.80747604,-73.953125,Cash,3,0.5,0.5,0,0,0.3,4.3
1,2016-03-01T05:24:11,2016-03-01T05:25:15,1,0.2,Standard rate,40.72105026,-73.98931122,40.71991348,-73.98851776,No charge,3,0.5,0.5,0,0,0.3,4.3
1,2016-03-01T03:17:55,2016-03-01T03:19:02,1,0.3,Standard rate,40.65751266,-73.96026611,40.65317154,-73.95935059,Cash,3,0.5,0.5,0,0,0.3,4.3
1,2016-03-01T05:56:24,2016-03-01T05:57:24,1,0.3,Standard rate,40.7610817,-73.95743561,40.76342392,-73.95387268,Credit card,3,0.5,0.5,0,0,0.3,4.3
1,2016-03-01T01:37:37,2016-03-01T01:38:33,1,0.3,Standard rate,40.7355423,-74.00171661,40.73141479,-74.00299835,Cash,3,0.5,0.5,0,0,0.3,4.3
2,2016-03-01T01:33:20,2016-03-01T01:34:51,1,0.19,Standard rate,40.62994003,-73.9280014,40.6327095,-73.92832947,Cash,3,0.5,0.5,0,0,0.3,4.3
2,2016-03-01T04:12:06,2016-03-01T04:12:53,2,0.16,Standard rate,40.82128906,-73.94612122,40.82270813,-73.94928741,Credit card,3,0.5,0.5,0,0,0.3,4.3
1,2016-03-01T04:44:22,2016-03-01T04:45:20,1,0.3,Standard rate,40.74403,-74.00673676,40.74843979,-74.00349426,Cash,3,0.5,0.5,0,0,0.3,4.3
1,2016-03-01T01:15:23,2016-03-01T01:16:45,1,0.1,Standard rate,40.7930069,-73.94223785,40.79380417,-73.94515991,Cash,3,0.5,0.5,0,0,0.3,4.3
1,2016-03-01T00:23:01,2016-03-01T00:23:54,1,0.1,Standard rate,40.79851913,-73.94145203,40.7990799,-73.93883514,Cash,3,0.5,0.5,0,0,0.3,4.3
2,2016-03-01T00:07:13,2016-03-01T00:09:39,6,0.18,Standard rate,40.75582886,-73.9864502,40.75460052,-73.98361206,Cash,3,0.5,0.5,0,0,0.3,4.3
1,2016-03-01T00:32:27,2016-03-01T00:33:55,1,0.9,Standard rate,0,0,0,0,Cash,3,0.5,0.5,0,0,0.3,4.3
2,2016-03-01T05:29:27,2016-03-01T05:30:45,1,0.36,Standard rate,40.74763107,-73.88288116,40.74642944,-73.89031982,Cash,3,0.5,0.5,0,0,0.3,4.3
2,2016-03-01T02:55:14,2016-03-01T02:56:13,1,0.1,Standard rate,40.72558975,-73.99204254,40.72705841,-73.991539,Cash,3,0.5,0.5,0,0,0.3,4.3